geneid,entrezid,genesymbol,mouseortholog,genedescription,uniprotid,mitopathway,mitocartascore,targetpscore,hg19chr,inmitocarta,subcellularlocation,Loc
96231,1537,CYC1,66445.0,cytochrome c1,P08574,OXPHOS > Complex III > CIII subunits | Metabolism > Metals and cofactors > Heme-containing proteins | Metabolism > Electron carriers > Cytochromes | OXPHOS > OXPHOS subunits,43.6442,2.0,chr8,True,Mitochondrion inner membrane,MIM
96232,6390,SDHB,67680.0,succinate dehydrogenase complex iron sulfur subunit B,P21912,OXPHOS > Complex II > CII subunits | Metabolism > Carbohydrate metabolism > TCA cycle | Metabolism > Metals and cofactors > Fe-S-containing proteins | OXPHOS > OXPHOS subunits,43.2272,1.0,chr1,True,Mitochondrion inner membrane,MIM
96233,10229,COQ7,12850.0,"coenzyme Q7, hydroxylase",Q99807,Metabolism > Metals and cofactors > Coenzyme Q metabolism,43.1028,1.0,chr16,True,Mitochondrion inner membrane,MIM
96234,6389,SDHA,66945.0,succinate dehydrogenase complex flavoprotein subunit A,P31040,OXPHOS > Complex II > CII subunits | Metabolism > Carbohydrate metabolism > TCA cycle | OXPHOS > OXPHOS subunits,42.9701,1.0,chr5,True,Mitochondrion inner membrane,MIM
96235,7384,UQCRC1,22273.0,ubiquinol-cytochrome c reductase core protein 1,P31930,"Protein import, sorting and homeostasis > Protein import and sorting > Preprotein cleavage | OXPHOS > Complex III > CIII subunits | OXPHOS > OXPHOS subunits",42.9037,1.0,chr3,True,Mitochondrion inner membrane,MIM
96236,84274,COQ5,52064.0,"coenzyme Q5, methyltransferase",Q5HYK3,Metabolism > Metals and cofactors > Coenzyme Q metabolism,42.6477,2.0,chr12,True,Mitochondrion inner membrane,MIM
96237,5160,PDHA1,18597.0,pyruvate dehydrogenase E1 subunit alpha 1,P08559,Metabolism > Carbohydrate metabolism > Pyruvate metabolism,42.5705,1.0,chrX,True,Mitochondrion matrix,NUC
96238,57017,COQ9,67914.0,coenzyme Q9,O75208,Metabolism > Metals and cofactors > Coenzyme Q metabolism,42.301,1.0,chr16,True,Mitochondrion,NUC
96239,6182,MRPL12,56282.0,mitochondrial ribosomal protein L12,P52815,Mitochondrial central dogma > mtRNA metabolism > Transcription | Mitochondrial central dogma > Translation > Mitochondrial ribosome,42.0393,1.0,chr17,True,Mitochondrion matrix,NUC
96240,513,ATP5F1D,66043.0,ATP synthase F1 subunit delta,P30049,OXPHOS > Complex V > CV subunits | OXPHOS > OXPHOS subunits,42.0165,2.0,chr19,True,Mitochondrion,NUC
96241,9377,COX5A,12858.0,cytochrome c oxidase subunit 5A,P20674,OXPHOS > Complex IV > CIV subunits | OXPHOS > OXPHOS subunits,41.9796,1.0,chr15,True,Mitochondrion inner membrane,MIM
96242,122961,ISCA2,74316.0,iron-sulfur cluster assembly 2,Q86U28,Metabolism > Metals and cofactors > Fe-S cluster biosynthesis | Metabolism > Metals and cofactors > Fe-S-containing proteins,41.9677,1.0,chr14,True,Mitochondrion,NUC
96243,9512,PMPCB,73078.0,"peptidase, mitochondrial processing subunit beta",O75439,"Protein import, sorting and homeostasis > Protein import and sorting > Preprotein cleavage | Protein import, sorting and homeostasis > Protein homeostasis > Proteases",41.6397,1.0,chr7,True,Mitochondrion matrix,NUC
96244,7386,UQCRFS1,66694.0,"ubiquinol-cytochrome c reductase, Rieske iron-sulfur polypeptide 1",P47985,OXPHOS > Complex III > CIII subunits | Metabolism > Metals and cofactors > Fe-S-containing proteins | OXPHOS > OXPHOS subunits,40.7667,2.0,chr19,True,Mitochondrion inner membrane,MIM
96245,498,ATP5F1A,11946.0,ATP synthase F1 subunit alpha,P25705,OXPHOS > Complex V > CV subunits | OXPHOS > OXPHOS subunits,40.7095,1.0,chr18,True,Mitochondrion,NUC
96246,4967,OGDH,18293.0,oxoglutarate dehydrogenase,Q02218,Metabolism > Carbohydrate metabolism > TCA cycle,40.5677,2.0,chr7,True,Mitochondrion,NUC
96247,5162,PDHB,68263.0,pyruvate dehydrogenase E1 subunit beta,P11177,Metabolism > Carbohydrate metabolism > Pyruvate metabolism,40.5677,2.0,chr3,True,Mitochondrion matrix,NUC
96248,7385,UQCRC2,67003.0,ubiquinol-cytochrome c reductase core protein 2,P22695,"Protein import, sorting and homeostasis > Protein import and sorting > Preprotein cleavage | OXPHOS > Complex III > CIII subunits | OXPHOS > OXPHOS subunits",40.5677,2.0,chr16,True,Mitochondrion inner membrane,MIM
96249,6392,SDHD,66925.0,succinate dehydrogenase complex subunit D,O14521,OXPHOS > Complex II > CII subunits | Metabolism > Carbohydrate metabolism > TCA cycle | Metabolism > Metals and cofactors > Heme-containing proteins | OXPHOS > OXPHOS subunits,40.1392,3.0,chr11,True,Mitochondrion inner membrane,MIM
96250,60488,MRPS35,232536.0,mitochondrial ribosomal protein S35,P82673,Mitochondrial central dogma > Translation > Mitochondrial ribosome,39.6435,2.0,chr12,True,Mitochondrion,NUC
96251,27089,UQCRQ,22272.0,ubiquinol-cytochrome c reductase complex III subunit VII,O14949,OXPHOS > Complex III > CIII subunits | OXPHOS > OXPHOS subunits,39.3103,2.0,chr5,True,Mitochondrion inner membrane,MIM
96252,116540,MRPL53,68499.0,mitochondrial ribosomal protein L53,Q96EL3,Mitochondrial central dogma > Translation > Mitochondrial ribosome,39.3103,2.0,chr2,True,Mitochondrion,NUC
96253,1629,DBT,13171.0,dihydrolipoamide branched chain transacylase E2,P11182,Metabolism > Amino acid metabolism > Branched-chain amino acid metabolism | Metabolism > Amino acid metabolism > Branched-chain amino acid dehydrogenase complex,39.2448,1.0,chr1,True,Mitochondrion matrix,NUC
96254,5166,PDK4,27273.0,pyruvate dehydrogenase kinase 4,Q16654,Metabolism > Carbohydrate metabolism > Pyruvate metabolism,38.7139,2.0,chr7,True,Mitochondrion matrix,NUC
96255,4191,MDH2,17448.0,malate dehydrogenase 2,P40926,Metabolism > Carbohydrate metabolism > Gluconeogenesis | Metabolism > Carbohydrate metabolism > Malate-aspartate shuttle | Metabolism > Carbohydrate metabolism > TCA cycle,38.3734,2.0,chr7,True,Mitochondrion matrix,NUC
96256,23107,MRPS27,218506.0,mitochondrial ribosomal protein S27,Q92552,Mitochondrial central dogma > Translation > Mitochondrial ribosome,38.3207,1.0,chr5,True,Cytoplasm,NUC
96257,1431,CS,12974.0,citrate synthase,O75390,Metabolism > Carbohydrate metabolism > TCA cycle,37.826,3.0,chr12,True,Mitochondrion matrix,NUC
96258,80273,GRPEL1,17713.0,"GrpE like 1, mitochondrial",Q9HAV7,"Protein import, sorting and homeostasis > Protein import and sorting > Import motor | Metabolism > Metals and cofactors > Fe-S cluster biosynthesis",37.8199,1.0,chr4,True,Mitochondrion matrix,NUC
96259,1737,DLAT,235339.0,dihydrolipoamide S-acetyltransferase,P10515,Metabolism > Carbohydrate metabolism > Pyruvate metabolism,37.7551,4.0,chr11,True,Mitochondrion matrix,NUC
96260,10128,LRPPRC,72416.0,leucine rich pentatricopeptide repeat containing,P42704,Mitochondrial central dogma > mtRNA metabolism > mtRNA stability and decay | Mitochondrial central dogma > Translation,37.7054,1.0,chr2,True,Mitochondrion,NUC
96261,1743,DLST,78920.0,dihydrolipoamide S-succinyltransferase,P36957,Metabolism > Carbohydrate metabolism > TCA cycle | Metabolism > Amino acid metabolism > Lysine metabolism,37.6758,2.0,chr14,True,Mitochondrion matrix,NUC
96262,8050,PDHX,27402.0,pyruvate dehydrogenase complex component X,O00330,Metabolism > Carbohydrate metabolism > Pyruvate metabolism,37.6758,2.0,chr11,True,Mitochondrion matrix,NUC
96263,85476,GFM1,28030.0,G elongation factor mitochondrial 1,Q96RP9,Mitochondrial central dogma > Translation > Translation factors,37.4426,2.0,chr3,True,Mitochondrion,NUC
96264,25874,MPC2,70456.0,mitochondrial pyruvate carrier 2,O95563,Metabolism > Carbohydrate metabolism > Gluconeogenesis | Metabolism > Carbohydrate metabolism > Pyruvate metabolism | Metabolism > Carbohydrate metabolism > TCA-associated | Small molecule transport,37.3563,5.0,chr1,True,Mitochondrion inner membrane,MIM
96265,4719,NDUFS1,227197.0,NADH:ubiquinone oxidoreductase core subunit S1,P28331,OXPHOS > Complex I > CI subunits | Metabolism > Metals and cofactors > Fe-S-containing proteins | OXPHOS > OXPHOS subunits,36.8031,2.0,chr2,True,Mitochondrion inner membrane,MIM
96266,26589,MRPL46,67308.0,mitochondrial ribosomal protein L46,Q9H2W6,Mitochondrial central dogma > Translation > Mitochondrial ribosome,36.7746,1.0,chr15,True,Mitochondrion,NUC
96267,514,ATP5F1E,67126.0,ATP synthase F1 subunit epsilon,P56381,OXPHOS > Complex V > CV subunits | OXPHOS > OXPHOS subunits,36.4978,4.0,chr20,True,Mitochondrion,NUC
96268,5250,SLC25A3,18674.0,solute carrier family 25 member 3,Q00325,Metabolism > Metals and cofactors > Copper metabolism | Signaling > Calcium homeostasis > Calcium cycle | Small molecule transport > SLC25A family,36.4978,4.0,chr12,True,Mitochondrion inner membrane,MIM
96269,51649,MRPS23,64656.0,mitochondrial ribosomal protein S23,Q9Y3D9,Mitochondrial central dogma > Translation > Mitochondrial ribosome,36.0922,5.0,chr17,True,Mitochondrion,NUC
96270,2271,FH,14194.0,fumarate hydratase,P07954,Metabolism > Carbohydrate metabolism > TCA cycle,35.7616,1.0,chr1,True,Mitochondrion,NUC
96271,23203,PMPCA,66865.0,"peptidase, mitochondrial processing subunit alpha",Q10713,"Protein import, sorting and homeostasis > Protein import and sorting > Preprotein cleavage | Protein import, sorting and homeostasis > Protein homeostasis > Proteases",35.653,1.0,chr9,True,Mitochondrion matrix,NUC
96272,506,ATP5F1B,11947.0,ATP synthase F1 subunit beta,P06576,OXPHOS > Complex V > CV subunits | OXPHOS > OXPHOS subunits,35.6372,1.0,chr12,True,Mitochondrion inner membrane,MIM
96273,135154,SDHAF4,68002.0,succinate dehydrogenase complex assembly factor 4,Q5VUM1,OXPHOS > Complex II > CII assembly factors | OXPHOS > OXPHOS assembly factors,35.5098,4.0,chr6,True,Mitochondrion matrix,NUC
96274,29796,UQCR10,66152.0,"ubiquinol-cytochrome c reductase, complex III subunit X",Q9UDW1,OXPHOS > Complex III > CIII subunits | OXPHOS > OXPHOS subunits,35.3274,,chr22,True,Mitochondrion inner membrane,MIM
96275,81689,ISCA1,69046.0,iron-sulfur cluster assembly 1,Q9BUE6,Metabolism > Metals and cofactors > Fe-S cluster biosynthesis | Metabolism > Metals and cofactors > Fe-S-containing proteins,35.264,2.0,chr9,True,Mitochondrion,NUC
96276,8803,SUCLA2,20916.0,succinate-CoA ligase ADP-forming subunit beta,Q9P2R7,Metabolism > Carbohydrate metabolism > TCA cycle | Metabolism > Carbohydrate metabolism > Itaconate metabolism | Metabolism > Nucleotide metabolism > Nucleotide synthesis and processing,34.9705,1.0,chr13,True,Mitochondrion,NUC
96277,51805,COQ3,230027.0,"coenzyme Q3, methyltransferase",Q9NZJ6,Metabolism > Metals and cofactors > Coenzyme Q metabolism,34.8329,2.0,chr6,True,Mitochondrion inner membrane,MIM
96278,55699,IARS2,381314.0,"isoleucyl-tRNA synthetase 2, mitochondrial",Q9NSE4,Mitochondrial central dogma > Translation > mt-tRNA synthetases,34.7064,1.0,chr1,True,Mitochondrion matrix,NUC
96279,64960,MRPS15,66407.0,mitochondrial ribosomal protein S15,P82914,Mitochondrial central dogma > Translation > Mitochondrial ribosome,34.6309,2.0,chr1,True,Mitochondrion matrix,NUC
96280,3419,IDH3A,67834.0,isocitrate dehydrogenase (NAD(+)) 3 catalytic subunit alpha,P50213,Metabolism > Carbohydrate metabolism > TCA cycle,34.6301,4.0,chr15,True,Mitochondrion,NUC
96281,1353,COX11,69802.0,cytochrome c oxidase copper chaperone COX11,Q9Y6N1,OXPHOS > Complex IV > CIV assembly factors | Metabolism > Metals and cofactors > Copper metabolism | OXPHOS > OXPHOS assembly factors,34.5801,2.0,chr17,True,Mitochondrion inner membrane,MIM
96282,2110,ETFDH,66841.0,electron transfer flavoprotein dehydrogenase,Q16134,"Metabolism > Lipid metabolism > Fatty acid oxidation | Metabolism > Amino acid metabolism > Branched-chain amino acid metabolism | Metabolism > Amino acid metabolism > Lysine metabolism | Metabolism > Amino acid metabolism > Glycine metabolism | Metabolism > Metals and cofactors > Fe-S-containing proteins | Metabolism > Vitamin metabolism > Choline and betaine metabolism | Metabolism > Electron carriers > Q-linked reactions, other",34.3966,,chr4,True,Mitochondrion inner membrane,MIM
96283,26519,TIMM10,30059.0,translocase of inner mitochondrial membrane 10,P62072,"Protein import, sorting and homeostasis > Protein homeostasis > Chaperones | Protein import, sorting and homeostasis > Protein import and sorting",34.3966,,chr11,True,Mitochondrion inner membrane,MIM
96284,64981,MRPL34,94065.0,mitochondrial ribosomal protein L34,Q9BQ48,Mitochondrial central dogma > Translation > Mitochondrial ribosome,34.3813,2.0,chr19,True,Mitochondrion,NUC
96285,51069,MRPL2,27398.0,mitochondrial ribosomal protein L2,Q5T653,Mitochondrial central dogma > Translation > Mitochondrial ribosome,34.3013,3.0,chr6,True,Mitochondrion,NUC
96286,593,BCKDHA,12039.0,branched chain keto acid dehydrogenase E1 subunit alpha,P12694,Metabolism > Amino acid metabolism > Branched-chain amino acid metabolism | Metabolism > Amino acid metabolism > Branched-chain amino acid dehydrogenase complex,34.1724,1.0,chr19,True,Mitochondrion matrix,NUC
96287,7388,UQCRH,66576.0,ubiquinol-cytochrome c reductase hinge protein,P07919,OXPHOS > Complex III > CIII subunits | OXPHOS > OXPHOS subunits,34.0633,,chr1,True,Mitochondrion inner membrane,MIM
96288,192286,HIGD2A,67044.0,HIG1 hypoxia inducible domain family member 2A,Q9BW72,OXPHOS > OXPHOS assembly factors | OXPHOS > Respirasome assembly,34.0633,,chr5,True,Mitochondrion membrane,NUC
96289,539,ATP5PO,28080.0,ATP synthase peripheral stalk subunit OSCP,P48047,OXPHOS > Complex V > CV subunits | OXPHOS > OXPHOS subunits,34.0,2.0,chr21,True,Mitochondrion,NUC
96290,1892,ECHS1,93747.0,"enoyl-CoA hydratase, short chain 1",P30084,Metabolism > Lipid metabolism > Fatty acid oxidation | Metabolism > Amino acid metabolism > Branched-chain amino acid metabolism | Metabolism > Amino acid metabolism > Lysine metabolism,33.7065,1.0,chr10,True,Mitochondrion matrix,NUC
96291,25875,LETMD1,68614.0,LETM1 domain containing 1,Q6P1Q0,Small molecule transport,33.7052,1.0,chr12,True,Mitochondrion outer membrane,NUC
96292,1337,COX6A1,12861.0,cytochrome c oxidase subunit 6A1,P12074,OXPHOS > Complex IV > CIV subunits | OXPHOS > OXPHOS subunits,33.6921,1.0,chr12,True,Mitochondrion inner membrane,MIM
96293,1355,COX15,226139.0,cytochrome c oxidase assembly homolog COX15,Q7KZN9,OXPHOS > Complex IV > CIV assembly factors | Metabolism > Metals and cofactors > Heme synthesis and processing | OXPHOS > OXPHOS assembly factors,33.6546,2.0,chr10,True,Mitochondrion inner membrane,MIM
96294,10939,AFG3L2,69597.0,AFG3 like matrix AAA peptidase subunit 2,Q9Y4W6,"Protein import, sorting and homeostasis > Protein homeostasis > Proteases",33.6065,3.0,chr18,True,Mitochondrion inner membrane,MIM
96295,3030,HADHA,97212.0,hydroxyacyl-CoA dehydrogenase trifunctional multienzyme complex subunit alpha,P40939,Metabolism > Lipid metabolism > Fatty acid oxidation | Metabolism > Lipid metabolism > Cardiolipin synthesis | Metabolism > Amino acid metabolism > Branched-chain amino acid metabolism,33.5571,1.0,chr2,True,Mitochondrion,NUC
96296,2108,ETFA,110842.0,electron transfer flavoprotein subunit alpha,P13804,"Metabolism > Lipid metabolism > Fatty acid oxidation | Metabolism > Amino acid metabolism > Branched-chain amino acid metabolism | Metabolism > Amino acid metabolism > Lysine metabolism | Metabolism > Amino acid metabolism > Glycine metabolism | Metabolism > Vitamin metabolism > Choline and betaine metabolism | Metabolism > Electron carriers > Q-linked reactions, other",33.492,3.0,chr15,True,Mitochondrion matrix,NUC
96297,374291,NDUFS7,75406.0,NADH:ubiquinone oxidoreductase core subunit S7,O75251,OXPHOS > Complex I > CI subunits | Metabolism > Metals and cofactors > Fe-S-containing proteins | OXPHOS > OXPHOS subunits,33.0033,1.0,chr19,True,Mitochondrion inner membrane,MIM
96298,1376,CPT2,12896.0,carnitine palmitoyltransferase 2,P23786,Metabolism > Lipid metabolism > Fatty acid oxidation | Metabolism > Metals and cofactors > Carnitine synthesis and transport | Metabolism > Metals and cofactors > Carnitine shuttle,32.7824,1.0,chr1,True,Mitochondrion inner membrane,MIM
96334,26275,HIBCH,227095.0,3-hydroxyisobutyryl-CoA hydrolase,Q6NVY1,Metabolism > Amino acid metabolism > Branched-chain amino acid metabolism,29.7511,1.0,chr2,True,Mitochondrion,NUC
96299,594,BCKDHB,12040.0,branched chain keto acid dehydrogenase E1 subunit beta,P21953,Metabolism > Amino acid metabolism > Branched-chain amino acid metabolism | Metabolism > Amino acid metabolism > Branched-chain amino acid dehydrogenase complex,32.7672,2.0,chr6,True,Mitochondrion matrix,NUC
96300,3420,IDH3B,170718.0,isocitrate dehydrogenase (NAD(+)) 3 non-catalytic subunit beta,O43837,Metabolism > Carbohydrate metabolism > TCA cycle,32.7553,1.0,chr20,True,Mitochondrion,NUC
96301,23395,LARS2,102436.0,"leucyl-tRNA synthetase 2, mitochondrial",Q15031,Mitochondrial central dogma > Translation > mt-tRNA synthetases,32.7536,3.0,chr3,True,Mitochondrion matrix,NUC
96302,35,ACADS,11409.0,acyl-CoA dehydrogenase short chain,P16219,Metabolism > Lipid metabolism > Fatty acid oxidation,32.6104,1.0,chr12,True,Mitochondrion matrix,NUC
96303,3954,LETM1,56384.0,leucine zipper and EF-hand containing transmembrane protein 1,O95202,Signaling > Calcium homeostasis > Calcium cycle,32.4912,2.0,chr4,True,Mitochondrion inner membrane,MIM
96304,521,ATP5ME,11958.0,ATP synthase membrane subunit e,P56385,OXPHOS > Complex V > CV subunits | OXPHOS > OXPHOS subunits | Mitochondrial dynamics and surveillance > Cristae formation,32.2839,5.0,chr4,True,Mitochondrion,NUC
96305,4976,OPA1,74143.0,OPA1 mitochondrial dynamin like GTPase,O60313,Mitochondrial dynamics and surveillance > Fusion | Mitochondrial dynamics and surveillance > Cristae formation,32.228,3.0,chr3,True,Mitochondrion inner membrane,MIM
96306,549,AUH,11992.0,AU RNA binding methylglutaconyl-CoA hydratase,Q13825,Metabolism > Carbohydrate metabolism > Itaconate metabolism | Metabolism > Amino acid metabolism > Branched-chain amino acid metabolism,32.2168,4.0,chr9,True,Mitochondrion,NUC
96307,8802,SUCLG1,56451.0,succinate-CoA ligase GDP/ADP-forming subunit alpha,P53597,Metabolism > Carbohydrate metabolism > TCA cycle | Metabolism > Carbohydrate metabolism > Itaconate metabolism | Metabolism > Nucleotide metabolism > Nucleotide synthesis and processing,32.1445,5.0,chr2,True,Mitochondrion,NUC
96308,4729,NDUFV2,72900.0,NADH:ubiquinone oxidoreductase core subunit V2,P19404,OXPHOS > Complex I > CI subunits | Metabolism > Metals and cofactors > Fe-S-containing proteins | OXPHOS > OXPHOS subunits,32.0934,1.0,chr18,True,Mitochondrion inner membrane,MIM
96309,51004,COQ6,217707.0,"coenzyme Q6, monooxygenase",Q9Y2Z9,Metabolism > Metals and cofactors > Coenzyme Q metabolism,31.9639,1.0,chr14,True,Mitochondrion inner membrane,MIM
96310,84545,MRPL43,94067.0,mitochondrial ribosomal protein L43,Q8N983,Mitochondrial central dogma > Translation > Mitochondrial ribosome,31.8312,1.0,chr10,True,Mitochondrion,NUC
96311,83451,ABHD11,68758.0,abhydrolase domain containing 11,Q8NFV4,Metabolism > Carbohydrate metabolism > TCA-associated,31.7324,1.0,chr7,True,Mitochondrion,NUC
96312,522,ATP5PF,11957.0,ATP synthase peripheral stalk subunit F6,P18859,OXPHOS > Complex V > CV subunits | OXPHOS > OXPHOS subunits,31.6796,1.0,chr21,True,Mitochondrion,NUC
96313,4714,NDUFB8,67264.0,NADH:ubiquinone oxidoreductase subunit B8,O95169,OXPHOS > Complex I > CI subunits | OXPHOS > OXPHOS subunits,31.6796,1.0,chr10,True,Mitochondrion inner membrane,MIM
96314,9361,LONP1,74142.0,"lon peptidase 1, mitochondrial",P36776,"Protein import, sorting and homeostasis > Protein homeostasis > Proteases",31.5043,1.0,chr19,True,Mitochondrion matrix,NUC
96315,1738,DLD,13382.0,dihydrolipoamide dehydrogenase,P09622,Metabolism > Carbohydrate metabolism > Pyruvate metabolism | Metabolism > Carbohydrate metabolism > TCA cycle | Metabolism > Amino acid metabolism > Branched-chain amino acid metabolism | Metabolism > Amino acid metabolism > Branched-chain amino acid dehydrogenase complex | Metabolism > Amino acid metabolism > Lysine metabolism | Metabolism > Amino acid metabolism > Glycine metabolism | Metabolism > Amino acid metabolism > Glycine cleavage system,31.2307,2.0,chr7,True,Mitochondrion matrix,NUC
96316,9131,AIFM1,26926.0,apoptosis inducing factor mitochondria associated 1,O95831,"Protein import, sorting and homeostasis > Protein import and sorting > MIA40 | OXPHOS > Complex I > CI assembly factors | OXPHOS > OXPHOS assembly factors | Mitochondrial dynamics and surveillance > Apoptosis",31.2095,2.0,chrX,True,Mitochondrion intermembrane space,NUC
96317,79746,ECHDC3,67856.0,enoyl-CoA hydratase domain containing 3,Q96DC8,0,31.1711,1.0,chr10,True,Mitochondrion,NUC
96318,139322,APOOL,68117.0,apolipoprotein O like,Q6UXV4,Mitochondrial dynamics and surveillance > Cristae formation > MICOS complex,31.1443,5.0,chrX,True,Mitochondrion inner membrane,MIM
96319,124995,MRPL10,107732.0,mitochondrial ribosomal protein L10,Q7Z7H8,Mitochondrial central dogma > Translation > Mitochondrial ribosome,30.9719,2.0,chr17,True,Mitochondrion,NUC
96320,92399,MRRF,67871.0,mitochondrial ribosome recycling factor,Q96E11,Mitochondrial central dogma > Translation > Translation factors,30.7726,1.0,chr9,True,Mitochondrion,NUC
96321,4728,NDUFS8,225887.0,NADH:ubiquinone oxidoreductase core subunit S8,O00217,OXPHOS > Complex I > CI subunits | Metabolism > Metals and cofactors > Fe-S-containing proteins | OXPHOS > OXPHOS subunits,30.6672,2.0,chr11,True,Mitochondrion inner membrane,MIM
96322,34,ACADM,11364.0,acyl-CoA dehydrogenase medium chain,P11310,Metabolism > Lipid metabolism > Fatty acid oxidation,30.6075,2.0,chr1,True,Mitochondrion matrix,NUC
96323,10989,IMMT,76614.0,inner membrane mitochondrial protein,Q16891,Mitochondrial dynamics and surveillance > Cristae formation > MICOS complex,30.5541,2.0,chr2,True,Mitochondrion inner membrane,MIM
96324,26520,TIMM9,30056.0,translocase of inner mitochondrial membrane 9,Q9Y5J7,"Protein import, sorting and homeostasis > Protein homeostasis > Chaperones | Protein import, sorting and homeostasis > Protein import and sorting",30.4044,,chr14,True,Mitochondrion inner membrane,MIM
96325,291,SLC25A4,11739.0,solute carrier family 25 member 4,P12235,Metabolism > Nucleotide metabolism > Nucleotide import | Signaling > Calcium homeostasis > Mitochondrial permeability transition pore | Small molecule transport > SLC25A family,30.384,,chr4,True,Mitochondrion inner membrane,MIM
96326,25813,SAMM50,68653.0,SAMM50 sorting and assembly machinery component,Q9Y512,"Protein import, sorting and homeostasis > Protein import and sorting > SAM | Mitochondrial dynamics and surveillance > Intramitochondrial membrane interactions",30.355,,chr22,True,Mitochondrion outer membrane,NUC
96327,4720,NDUFS2,226646.0,NADH:ubiquinone oxidoreductase core subunit S2,O75306,OXPHOS > Complex I > CI subunits | Metabolism > Metals and cofactors > Fe-S-containing proteins | OXPHOS > OXPHOS subunits,30.334,2.0,chr1,True,Mitochondrion inner membrane,MIM
96328,4723,NDUFV1,17995.0,NADH:ubiquinone oxidoreductase core subunit V1,P49821,OXPHOS > Complex I > CI subunits | Metabolism > Metals and cofactors > Fe-S-containing proteins | OXPHOS > OXPHOS subunits,30.334,2.0,chr11,True,Mitochondrion inner membrane,MIM
96329,50,ACO2,11429.0,aconitase 2,Q99798,Metabolism > Carbohydrate metabolism > TCA cycle | Metabolism > Metals and cofactors > Fe-S-containing proteins,30.2787,2.0,chr22,True,Mitochondrion,NUC
96330,6832,SUPV3L1,338359.0,Suv3 like RNA helicase,Q8IYB8,Mitochondrial central dogma > mtRNA metabolism > mtRNA granules | Mitochondrial central dogma > mtRNA metabolism > mtRNA stability and decay,30.2238,1.0,chr10,True,Nucleus,NUC
96331,2235,FECH,14151.0,ferrochelatase,P22830,Metabolism > Metals and cofactors > Heme synthesis and processing | Metabolism > Metals and cofactors > Fe-S-containing proteins,30.2083,1.0,chr18,True,Mitochondrion inner membrane,MIM
96332,4528,MTIF2,76784.0,mitochondrial translational initiation factor 2,P46199,Mitochondrial central dogma > Translation > Translation factors,30.1806,3.0,chr2,True,Mitochondrion,NUC
96333,5245,PHB,18673.0,prohibitin,P35232,"Protein import, sorting and homeostasis > Protein homeostasis > Chaperones",29.7824,,chr17,True,Mitochondrion inner membrane,MIM
96335,51116,MRPS2,118451.0,mitochondrial ribosomal protein S2,Q9Y399,Mitochondrial central dogma > Translation > Mitochondrial ribosome,29.6278,2.0,chr9,True,Mitochondrion,NUC
96336,3313,HSPA9,15526.0,heat shock protein family A (Hsp70) member 9,P38646,Metabolism > Metals and cofactors > Fe-S cluster biosynthesis,29.5541,1.0,chr5,True,Mitochondrion,NUC
96337,6834,SURF1,20930.0,SURF1 cytochrome c oxidase assembly factor,Q15526,OXPHOS > Complex IV > CIV assembly factors | OXPHOS > OXPHOS assembly factors,29.5209,2.0,chr9,True,Mitochondrion inner membrane,MIM
96338,10935,PRDX3,11757.0,peroxiredoxin 3,P30048,Metabolism > Detoxification > ROS and glutathione metabolism,29.4787,1.0,chr10,True,Mitochondrion,NUC
96339,27069,GHITM,66092.0,growth hormone inducible transmembrane protein,Q9H3K2,Mitochondrial dynamics and surveillance > Apoptosis,29.3618,1.0,chr10,True,Mitochondrion inner membrane,MIM
96340,60558,GUF1,231279.0,"GUF1 homolog, GTPase",Q8N442,Mitochondrial central dogma > Translation,29.2547,2.0,chr4,True,Mitochondrion inner membrane,MIM
96341,26517,TIMM13,30055.0,translocase of inner mitochondrial membrane 13,Q9Y5L4,"Protein import, sorting and homeostasis > Protein homeostasis > Chaperones | Protein import, sorting and homeostasis > Protein import and sorting",29.1199,,chr19,True,Mitochondrion inner membrane,MIM
96342,57128,LYRM4,380840.0,LYR motif containing 4,Q9HD34,Metabolism > Metals and cofactors > Fe-S cluster biosynthesis,29.009,1.0,chr6,True,Mitochondrion,NUC
96343,54948,MRPL16,94063.0,mitochondrial ribosomal protein L16,Q9NX20,Mitochondrial central dogma > Translation > Mitochondrial ribosome,28.9266,4.0,chr11,True,Mitochondrion,NUC
96344,64976,MRPL40,18100.0,mitochondrial ribosomal protein L40,Q9NQ50,Mitochondrial central dogma > Translation > Mitochondrial ribosome,28.9054,1.0,chr22,True,Mitochondrion,NUC
96345,3421,IDH3G,15929.0,isocitrate dehydrogenase (NAD(+)) 3 non-catalytic subunit gamma,P51553,Metabolism > Carbohydrate metabolism > TCA cycle,28.8516,,chrX,True,Mitochondrion,NUC
96346,6391,SDHC,66052.0,succinate dehydrogenase complex subunit C,Q99643,OXPHOS > Complex II > CII subunits | Metabolism > Carbohydrate metabolism > TCA cycle | Metabolism > Metals and cofactors > Heme-containing proteins | OXPHOS > OXPHOS subunits,28.8474,1.0,chr1,True,Mitochondrion inner membrane,MIM
96347,4711,NDUFB5,66046.0,NADH:ubiquinone oxidoreductase subunit B5,O43674,OXPHOS > Complex I > CI subunits | OXPHOS > OXPHOS subunits,28.7877,1.0,chr3,True,Mitochondrion inner membrane,MIM
96348,54949,SDHAF2,66072.0,succinate dehydrogenase complex assembly factor 2,Q9NX18,OXPHOS > Complex II > CII assembly factors | OXPHOS > OXPHOS assembly factors,28.7556,3.0,chr11,True,Mitochondrion matrix,NUC
96349,93058,COQ10A,210582.0,coenzyme Q10A,Q96MF6,Metabolism > Metals and cofactors > Coenzyme Q metabolism,28.7285,2.0,chr12,True,Mitochondrion inner membrane,MIM
96350,8209,GATD3A,28295.0,glutamine amidotransferase like class 1 domain containing 3A,P30042,0,28.6694,1.0,chr21,True,,NUC
96351,25828,TXN2,56551.0,thioredoxin 2,Q99757,Metabolism > Vitamin metabolism > Vitamin C metabolism | Metabolism > Detoxification > ROS and glutathione metabolism,28.4589,1.0,chr22,True,Mitochondrion,NUC
96352,55168,MRPS18A,68565.0,mitochondrial ribosomal protein S18A,Q9NVS2,Mitochondrial central dogma > Translation > Mitochondrial ribosome,28.4066,2.0,chr6,True,Mitochondrion,NUC
96353,1345,COX6C,12864.0,cytochrome c oxidase subunit 6C,P09669,OXPHOS > Complex IV > CIV subunits | OXPHOS > OXPHOS subunits,28.397,3.0,chr8,True,Mitochondrion inner membrane,MIM
96354,4715,NDUFB9,66218.0,NADH:ubiquinone oxidoreductase subunit B9,Q9Y6M9,OXPHOS > Complex I > CI subunits | OXPHOS > OXPHOS subunits,28.397,3.0,chr8,True,Mitochondrion inner membrane,MIM
96355,23788,MTCH2,56428.0,mitochondrial carrier 2,Q9Y6C9,Small molecule transport > SLC25A family | Mitochondrial dynamics and surveillance > Fusion,28.3243,,chr11,True,Mitochondrion outer membrane,NUC
96356,4700,NDUFA6,67130.0,NADH:ubiquinone oxidoreductase subunit A6,P56556,OXPHOS > Complex I > CI subunits | OXPHOS > OXPHOS subunits,28.3203,5.0,chr22,True,Mitochondrion inner membrane,MIM
96357,788,SLC25A20,57279.0,solute carrier family 25 member 20,O43772,Metabolism > Lipid metabolism > Fatty acid oxidation | Metabolism > Metals and cofactors > Carnitine synthesis and transport | Metabolism > Metals and cofactors > Carnitine shuttle | Small molecule transport > SLC25A family,28.3039,,chr3,True,Mitochondrion inner membrane,MIM
96358,65008,MRPL1,94061.0,mitochondrial ribosomal protein L1,Q9BYD6,Mitochondrial central dogma > Translation > Mitochondrial ribosome,28.231,2.0,chr4,True,Mitochondrion,NUC
96359,10469,TIMM44,21856.0,translocase of inner mitochondrial membrane 44,O43615,"Protein import, sorting and homeostasis > Protein import and sorting > Import motor",28.2265,2.0,chr19,True,Mitochondrion inner membrane,MIM
96360,10063,COX17,12856.0,cytochrome c oxidase copper chaperone COX17,Q14061,OXPHOS > Complex IV > CIV assembly factors | Metabolism > Metals and cofactors > Copper metabolism | OXPHOS > OXPHOS assembly factors,28.1846,,chr3,True,Mitochondrion intermembrane space,NUC
96361,440574,MICOS10,433771.0,mitochondrial contact site and cristae organizing system subunit 10,Q5TGZ0,Mitochondrial dynamics and surveillance > Cristae formation > MICOS complex,28.1846,,chr1,True,Mitochondrion inner membrane,MIM
96362,6648,SOD2,20656.0,superoxide dismutase 2,P04179,Metabolism > Detoxification > ROS and glutathione metabolism,28.1817,3.0,chr6,True,Mitochondrion matrix,NUC
96363,1340,COX6B1,110323.0,cytochrome c oxidase subunit 6B1,P14854,OXPHOS > Complex IV > CIV subunits | OXPHOS > OXPHOS subunits,28.175,,chr19,True,Mitochondrion inner membrane,MIM
96364,7416,VDAC1,22333.0,voltage dependent anion channel 1,P21796,Signaling > Calcium homeostasis > Mitochondrial permeability transition pore | Mitochondrial dynamics and surveillance > Organelle contact sites | Small molecule transport,28.175,,chr5,True,Mitochondrion outer membrane,NUC
96365,8192,CLPP,53895.0,caseinolytic mitochondrial matrix peptidase proteolytic subunit,Q16740,"Protein import, sorting and homeostasis > Protein homeostasis > Proteases",28.0803,1.0,chr19,True,Mitochondrion matrix,NUC
96366,3033,HADH,15107.0,hydroxyacyl-CoA dehydrogenase,Q16836,Metabolism > Lipid metabolism > Fatty acid oxidation | Metabolism > Amino acid metabolism > Lysine metabolism,28.0734,2.0,chr4,True,Mitochondrion matrix,NUC
96367,33,ACADL,11363.0,acyl-CoA dehydrogenase long chain,P28330,Metabolism > Lipid metabolism > Fatty acid oxidation,28.0206,1.0,chr2,True,Mitochondrion matrix,NUC
96368,38,ACAT1,110446.0,acetyl-CoA acetyltransferase 1,P24752,Metabolism > Carbohydrate metabolism > Ketone metabolism | Metabolism > Lipid metabolism > Fatty acid oxidation | Metabolism > Amino acid metabolism > Branched-chain amino acid metabolism | Metabolism > Amino acid metabolism > Lysine metabolism,28.0146,1.0,chr11,True,Mitochondrion,NUC
96369,115416,MALSU1,75593.0,mitochondrial assembly of ribosomal large subunit 1,Q96EH3,Mitochondrial central dogma > Translation > Mitochondrial ribosome assembly,27.9861,1.0,chr7,True,Mitochondrion matrix,NUC
96370,10845,CLPX,270166.0,caseinolytic mitochondrial matrix peptidase chaperone subunit X,O76031,"Protein import, sorting and homeostasis > Protein homeostasis > Proteases",27.9372,4.0,chr15,True,Mitochondrion,NUC
96371,4724,NDUFS4,17993.0,NADH:ubiquinone oxidoreductase subunit S4,O43181,OXPHOS > Complex I > CI subunits | OXPHOS > OXPHOS subunits,27.8713,1.0,chr5,True,Mitochondrion inner membrane,MIM
96372,51073,MRPL4,66163.0,mitochondrial ribosomal protein L4,Q9BYD3,Mitochondrial central dogma > Translation > Mitochondrial ribosome,27.8641,2.0,chr19,True,Mitochondrion,NUC
96373,708,C1QBP,12261.0,complement C1q binding protein,Q07021,Signaling > Immune response,27.8211,1.0,chr17,True,Mitochondrion matrix,NUC
96374,10531,PITRM1,69617.0,pitrilysin metallopeptidase 1,Q5JRX3,"Protein import, sorting and homeostasis > Protein homeostasis > Proteases",27.8125,2.0,chr10,True,Mitochondrion,NUC
96375,55245,UQCC1,56046.0,ubiquinol-cytochrome c reductase complex assembly factor 1,Q9NVA1,OXPHOS > Complex III > CIII assembly factors | OXPHOS > OXPHOS assembly factors,27.746,3.0,chr20,True,Mitochondrion inner membrane,MIM
96376,128308,MRPL55,67212.0,mitochondrial ribosomal protein L55,Q7Z7F7,Mitochondrial central dogma > Translation > Mitochondrial ribosome,27.7157,2.0,chr1,True,Mitochondrion,NUC
96377,79922,MRM1,217038.0,mitochondrial rRNA methyltransferase 1,Q6IN84,Mitochondrial central dogma > mtRNA metabolism > mtRNA granules | Mitochondrial central dogma > mtRNA metabolism > mt-rRNA modifications,27.7075,1.0,chr17,True,Mitochondrion matrix,NUC
96378,51102,MECR,26922.0,mitochondrial trans-2-enoyl-CoA reductase,Q9BV79,Metabolism > Lipid metabolism > Type II fatty acid synthesis,27.6896,1.0,chr1,True,Mitochondrion,NUC
96379,65080,MRPL44,69163.0,mitochondrial ribosomal protein L44,Q9H9J2,Mitochondrial central dogma > Translation > Mitochondrial ribosome,27.6748,2.0,chr2,True,Mitochondrion,NUC
96380,84263,HSDL2,72479.0,hydroxysteroid dehydrogenase like 2,Q6YN16,0,27.6655,5.0,chr9,True,Peroxisome,NUC
96381,63931,MRPS14,64659.0,mitochondrial ribosomal protein S14,O60783,Mitochondrial central dogma > Translation > Mitochondrial ribosome,27.6264,2.0,chr1,True,Mitochondrion,NUC
96382,11194,ABCB8,74610.0,ATP binding cassette subfamily B member 8,Q9NUT2,Small molecule transport > ABC transporters,27.5425,1.0,chr7,True,Mitochondrion inner membrane,MIM
96383,91647,ATPAF2,246782.0,ATP synthase mitochondrial F1 complex assembly factor 2,Q8N5M1,OXPHOS > Complex V > CV assembly factors | OXPHOS > OXPHOS assembly factors,27.4512,3.0,chr17,True,Mitochondrion inner membrane,MIM
96384,4704,NDUFA9,66108.0,NADH:ubiquinone oxidoreductase subunit A9,Q16795,OXPHOS > Complex I > CI subunits | OXPHOS > OXPHOS subunits,27.4053,1.0,chr12,True,Mitochondrion matrix,NUC
96385,388753,COA6,67892.0,cytochrome c oxidase assembly factor 6,Q5JTJ3,OXPHOS > Complex IV > CIV assembly factors | OXPHOS > OXPHOS assembly factors,27.3818,5.0,chr1,True,Mitochondrion intermembrane space,NUC
96386,5442,POLRMT,216151.0,RNA polymerase mitochondrial,O00411,Mitochondrial central dogma > mtDNA maintenance > mtDNA replication | Mitochondrial central dogma > mtDNA maintenance > mtDNA nucleoid | Mitochondrial central dogma > mtRNA metabolism > Transcription,27.372,3.0,chr19,True,Mitochondrion,NUC
96387,23479,ISCU,66383.0,iron-sulfur cluster assembly enzyme,Q9H1K1,Metabolism > Metals and cofactors > Fe-S cluster biosynthesis | Metabolism > Metals and cofactors > Fe-S-containing proteins,27.3227,1.0,chr12,True,Mitochondrion,NUC
96388,84816,RTN4IP1,170728.0,reticulon 4 interacting protein 1,Q8WWV3,0,27.2801,3.0,chr6,True,Mitochondrion matrix,NUC
96389,55753,OGDHL,239017.0,oxoglutarate dehydrogenase L,Q9ULD0,Metabolism > Carbohydrate metabolism > TCA cycle,27.2563,1.0,chr10,True,Mitochondrion matrix,NUC
96390,509,ATP5F1C,11949.0,ATP synthase F1 subunit gamma,P36542,OXPHOS > Complex V > CV subunits | OXPHOS > OXPHOS subunits,27.2465,4.0,chr10,True,Mitochondrion inner membrane,MIM
96391,10295,BCKDK,12041.0,branched chain keto acid dehydrogenase kinase,O14874,Metabolism > Amino acid metabolism > Branched-chain amino acid metabolism | Metabolism > Amino acid metabolism > Branched-chain amino acid dehydrogenase complex,27.1808,2.0,chr16,True,Mitochondrion matrix,NUC
96392,84340,GFM2,320806.0,GTP dependent ribosome recycling factor mitochondrial 2,Q969S9,Mitochondrial central dogma > Translation > Translation factors,27.1233,,chr5,True,Mitochondrion,NUC
96393,29078,NDUFAF4,68493.0,NADH:ubiquinone oxidoreductase complex assembly factor 4,Q9P032,OXPHOS > Complex I > CI assembly factors | OXPHOS > OXPHOS assembly factors,27.0562,5.0,chr6,True,Mitochondrion,NUC
96394,399512,SLC25A35,71998.0,solute carrier family 25 member 35,Q3KQZ1,Small molecule transport > SLC25A family,27.053,,chr17,True,Mitochondrion inner membrane,MIM
96395,8402,SLC25A11,67863.0,solute carrier family 25 member 11,Q02978,Metabolism > Carbohydrate metabolism > Gluconeogenesis | Metabolism > Carbohydrate metabolism > Malate-aspartate shuttle | Metabolism > Carbohydrate metabolism > TCA-associated | Small molecule transport > SLC25A family,27.0399,,chr17,True,Mitochondrion inner membrane,MIM
96396,26521,TIMM8B,30057.0,translocase of inner mitochondrial membrane 8 homolog B,Q9Y5J9,"Protein import, sorting and homeostasis > Protein homeostasis > Chaperones | Protein import, sorting and homeostasis > Protein import and sorting",27.0399,,chr11,True,Mitochondrion inner membrane,MIM
96397,27349,MCAT,223722.0,malonyl-CoA-acyl carrier protein transacylase,Q8IVS2,Metabolism > Lipid metabolism > Type II fatty acid synthesis,26.9414,2.0,chr22,True,Mitochondrion,NUC
96398,200205,IBA57,216792.0,iron-sulfur cluster assembly factor IBA57,Q5T440,Metabolism > Metals and cofactors > Fe-S cluster biosynthesis,26.9414,2.0,chr1,True,Mitochondrion,NUC
96399,11331,PHB2,12034.0,prohibitin 2,Q99623,"Protein import, sorting and homeostasis > Protein homeostasis > Chaperones",26.919,,chr12,True,Mitochondrion inner membrane,MIM
96400,7818,DAP3,65111.0,death associated protein 3,P51398,Mitochondrial central dogma > Translation > Mitochondrial ribosome,26.8817,2.0,chr1,True,Mitochondrion,NUC
96401,56942,CMC2,66531.0,C-X9-C motif containing 2,Q9NRP2,OXPHOS > Complex IV > CIV assembly factors | OXPHOS > OXPHOS assembly factors,26.8622,,chr16,True,Mitochondrion,NUC
96402,644096,SDHAF1,68332.0,succinate dehydrogenase complex assembly factor 1,A6NFY7,OXPHOS > Complex II > CII assembly factors | OXPHOS > OXPHOS assembly factors,26.7868,1.0,chr19,True,Mitochondrion matrix,NUC
96403,51373,MRPS17,66258.0,mitochondrial ribosomal protein S17,Q9Y2R5,Mitochondrial central dogma > Translation > Mitochondrial ribosome,26.7669,3.0,chr7,True,Mitochondrion,NUC
96404,137872,ADHFE1,76187.0,alcohol dehydrogenase iron containing 1,Q8IWW8,Metabolism > Amino acid metabolism > GABA metabolism,26.7588,1.0,chr8,True,Mitochondrion,NUC
96405,9054,NFS1,18041.0,NFS1 cysteine desulfurase,Q9Y697,Metabolism > Metals and cofactors > Fe-S cluster biosynthesis | Metabolism > Metals and cofactors > Fe-S-containing proteins,26.7525,2.0,chr20,True,Mitochondrion,NUC
96406,79133,NDUFAF5,69487.0,NADH:ubiquinone oxidoreductase complex assembly factor 5,Q5TEU4,OXPHOS > Complex I > CI assembly factors | OXPHOS > OXPHOS assembly factors,26.6921,1.0,chr20,True,Mitochondrion inner membrane,MIM
96407,63875,MRPL17,27397.0,mitochondrial ribosomal protein L17,Q9NRX2,Mitochondrial central dogma > Translation > Mitochondrial ribosome,26.6519,1.0,chr11,True,Mitochondrion,NUC
96408,51204,TACO1,70207.0,translational activator of cytochrome c oxidase I,Q9BSH4,Mitochondrial central dogma > Translation > Translation factors | OXPHOS > Complex IV > CIV assembly factors | OXPHOS > OXPHOS assembly factors,26.649,1.0,chr17,True,Mitochondrion,NUC
96409,55669,MFN1,67414.0,mitofusin 1,Q8IWA4,Mitochondrial dynamics and surveillance > Fusion | Mitochondrial dynamics and surveillance > Organelle contact sites,26.5613,,chr3,True,Mitochondrion outer membrane,NUC
96410,160760,PPTC7,320717.0,protein phosphatase targeting COQ7,Q8NI37,Signaling,26.5342,5.0,chr12,True,Mitochondrion matrix,NUC
96411,65003,MRPL11,66419.0,mitochondrial ribosomal protein L11,Q9Y3B7,Mitochondrial central dogma > Translation > Mitochondrial ribosome,26.5037,3.0,chr11,True,Mitochondrion,NUC
96412,1327,COX4I1,12857.0,cytochrome c oxidase subunit 4I1,P13073,OXPHOS > Complex IV > CIV subunits | OXPHOS > OXPHOS subunits,26.466,2.0,chr16,True,Mitochondrion inner membrane,MIM
96413,4726,NDUFS6,407785.0,NADH:ubiquinone oxidoreductase subunit S6,O75380,OXPHOS > Complex I > CI subunits | OXPHOS > OXPHOS subunits,26.466,2.0,chr5,True,Mitochondrion inner membrane,MIM
96414,28998,MRPL13,68537.0,mitochondrial ribosomal protein L13,Q9BYD1,Mitochondrial central dogma > Translation > Mitochondrial ribosome,26.3504,3.0,chr8,True,Mitochondrion,NUC
96415,5019,OXCT1,67041.0,3-oxoacid CoA-transferase 1,P55809,Metabolism > Carbohydrate metabolism > Ketone metabolism,26.3333,2.0,chr5,True,Mitochondrion,NUC
96416,1329,COX5B,12859.0,cytochrome c oxidase subunit 5B,P10606,OXPHOS > Complex IV > CIV subunits | OXPHOS > OXPHOS subunits,26.3322,1.0,chr2,True,Mitochondrion inner membrane,MIM
96417,5164,PDK2,18604.0,pyruvate dehydrogenase kinase 2,Q15119,Metabolism > Carbohydrate metabolism > Pyruvate metabolism,26.3227,5.0,chr17,True,Mitochondrion matrix,NUC
96418,211,ALAS1,11655.0,5'-aminolevulinate synthase 1,P13196,Metabolism > Metals and cofactors > Heme synthesis and processing,26.3146,3.0,chr3,True,Mitochondrion inner membrane,MIM
96419,9553,MRPL33,66845.0,mitochondrial ribosomal protein L33,O75394,Mitochondrial central dogma > Translation > Mitochondrial ribosome,26.309,4.0,chr2,True,Mitochondrion,NUC
96420,25821,MTO1,68291.0,mitochondrial tRNA translation optimization 1,Q9Y2Z2,Mitochondrial central dogma > mtRNA metabolism > mt-tRNA modifications | Metabolism > Vitamin metabolism > Folate and 1-C metabolism,26.3081,2.0,chr6,True,Mitochondrion,NUC
96421,11019,LIAS,79464.0,lipoic acid synthetase,O43766,Metabolism > Lipid metabolism > Lipoate insertion | Metabolism > Metals and cofactors > Fe-S-containing proteins,26.2921,3.0,chr4,True,Mitochondrion,NUC
96422,4698,NDUFA5,68202.0,NADH:ubiquinone oxidoreductase subunit A5,Q16718,OXPHOS > Complex I > CI subunits | OXPHOS > OXPHOS subunits,26.2914,,chr7,True,Mitochondrion inner membrane,MIM
96423,4712,NDUFB6,230075.0,NADH:ubiquinone oxidoreductase subunit B6,O95139,OXPHOS > Complex I > CI subunits | OXPHOS > OXPHOS subunits,26.2914,,chr9,True,Mitochondrion inner membrane,MIM
96424,10651,MTX2,53375.0,metaxin 2,O75431,"Protein import, sorting and homeostasis > Protein import and sorting > SAM | Mitochondrial dynamics and surveillance > Intramitochondrial membrane interactions",26.2914,,chr2,True,Mitochondrion outer membrane,NUC
96425,8801,SUCLG2,20917.0,succinate-CoA ligase GDP-forming subunit beta,Q96I99,Metabolism > Carbohydrate metabolism > TCA cycle | Metabolism > Carbohydrate metabolism > Itaconate metabolism | Metabolism > Nucleotide metabolism > Nucleotide synthesis and processing,26.2777,2.0,chr3,True,Mitochondrion,NUC
96426,2230,FDX1,14148.0,ferredoxin 1,P10109,"Metabolism > Lipid metabolism > Cholesterol, bile acid, steroid synthesis | Metabolism > Metals and cofactors > Heme synthesis and processing | Metabolism > Metals and cofactors > Fe-S cluster biosynthesis | Metabolism > Metals and cofactors > Fe-S-containing proteins | Metabolism > Vitamin metabolism > Vitamin D metabolism",26.2764,2.0,chr11,True,Mitochondrion matrix,NUC
96427,6576,SLC25A1,13358.0,solute carrier family 25 member 1,P53007,Metabolism > Carbohydrate metabolism > Gluconeogenesis | Metabolism > Carbohydrate metabolism > TCA-associated | Metabolism > Lipid metabolism | Small molecule transport > SLC25A family,26.2493,4.0,chr22,True,Mitochondrion inner membrane,MIM
96428,28957,MRPS28,66230.0,mitochondrial ribosomal protein S28,Q9Y2Q9,Mitochondrial central dogma > Translation > Mitochondrial ribosome,26.2202,2.0,chr8,True,Mitochondrion,NUC
96429,92609,TIMM50,66525.0,translocase of inner mitochondrial membrane 50,Q3ZCQ8,"Protein import, sorting and homeostasis > Protein import and sorting > TIM23 presequence pathway",26.1481,5.0,chr19,True,Mitochondrion inner membrane,MIM
96430,7417,VDAC2,22334.0,voltage dependent anion channel 2,P45880,Small molecule transport,26.1221,,chr10,True,Mitochondrion outer membrane,NUC
96431,284439,SLC25A42,73095.0,solute carrier family 25 member 42,Q86VD7,Metabolism > Metals and cofactors > Coenzyme A metabolism | Small molecule transport > SLC25A family,26.1091,,chr19,True,Mitochondrion inner membrane,MIM
96432,54543,TOMM7,66169.0,translocase of outer mitochondrial membrane 7,Q9P0U1,"Protein import, sorting and homeostasis > Protein import and sorting > TOM | Mitochondrial dynamics and surveillance > Mitophagy | Mitochondrial dynamics and surveillance > Autophagy",26.0896,5.0,chr7,True,Mitochondrion outer membrane,NUC
96433,1891,ECH1,51798.0,enoyl-CoA hydratase 1,Q13011,Metabolism > Lipid metabolism,25.9632,1.0,chr19,True,Mitochondrion,NUC
96434,5188,GATB,229487.0,glutamyl-tRNA amidotransferase subunit B,O75879,Mitochondrial central dogma > Translation > mt-tRNA synthetases,25.9072,2.0,chr4,True,Mitochondrion,NUC
96435,617,BCS1L,66821.0,"BCS1 homolog, ubiquinol-cytochrome c reductase complex chaperone",Q9Y276,OXPHOS > Complex III > CIII assembly factors | OXPHOS > OXPHOS assembly factors,25.7776,,chr2,True,Mitochondrion inner membrane,MIM
96436,26284,ERAL1,57837.0,Era like 12S mitochondrial rRNA chaperone 1,O75616,Mitochondrial central dogma > mtRNA metabolism > mtRNA granules | Mitochondrial central dogma > Translation > Mitochondrial ribosome assembly,25.6968,1.0,chr17,True,Mitochondrion matrix,NUC
96437,152100,CMC1,67899.0,C-X9-C motif containing 1,Q7Z7K0,OXPHOS > Complex IV > CIV assembly factors | OXPHOS > OXPHOS assembly factors,25.5981,,chr3,True,Mitochondrion,NUC
96438,10573,MRPL28,68611.0,mitochondrial ribosomal protein L28,Q13084,Mitochondrial central dogma > Translation > Mitochondrial ribosome,25.5595,5.0,chr16,True,Mitochondrion,NUC
96439,10102,TSFM,66399.0,"Ts translation elongation factor, mitochondrial",P43897,Mitochondrial central dogma > Translation > Translation factors,25.5449,1.0,chr12,True,Mitochondrion matrix,NUC
96440,2395,FXN,14297.0,frataxin,Q16595,Metabolism > Metals and cofactors > Fe-S cluster biosynthesis,25.5447,2.0,chr9,True,Mitochondrion,NUC
96441,27247,NFU1,56748.0,NFU1 iron-sulfur cluster scaffold,Q9UMS0,Metabolism > Metals and cofactors > Fe-S cluster biosynthesis | Metabolism > Metals and cofactors > Fe-S-containing proteins,25.5447,2.0,chr2,True,Mitochondrion,NUC
96442,51067,YARS2,70120.0,tyrosyl-tRNA synthetase 2,Q9Y2Z4,Mitochondrial central dogma > Translation > mt-tRNA synthetases,25.5447,2.0,chr12,True,Mitochondrion matrix,NUC
96443,219927,MRPL21,353242.0,mitochondrial ribosomal protein L21,Q7Z2W9,Mitochondrial central dogma > Translation > Mitochondrial ribosome,25.5447,2.0,chr11,True,Mitochondrion,NUC
96444,8659,ALDH4A1,212647.0,aldehyde dehydrogenase 4 family member A1,P30038,Metabolism > Amino acid metabolism > Proline metabolism | Metabolism > Amino acid metabolism > Glyoxylate metabolism,25.5079,1.0,chr1,True,Mitochondrion matrix,NUC
96445,84134,TOMM40L,641376.0,translocase of outer mitochondrial membrane 40 like,Q969M1,"Protein import, sorting and homeostasis > Protein import and sorting > TOM",25.4413,3.0,chr1,True,Mitochondrion outer membrane,NUC
96446,51103,NDUFAF1,69702.0,NADH:ubiquinone oxidoreductase complex assembly factor 1,Q9Y375,OXPHOS > Complex I > CI assembly factors | OXPHOS > OXPHOS assembly factors,25.4025,2.0,chr15,True,Mitochondrion,NUC
96447,4716,NDUFB10,68342.0,NADH:ubiquinone oxidoreductase subunit B10,O96000,OXPHOS > Complex I > CI subunits | OXPHOS > OXPHOS subunits,25.3606,,chr16,True,Mitochondrion inner membrane,MIM
96448,36,ACADSB,66885.0,acyl-CoA dehydrogenase short/branched chain,P45954,Metabolism > Lipid metabolism > Fatty acid oxidation | Metabolism > Amino acid metabolism > Branched-chain amino acid metabolism,25.3309,2.0,chr10,True,Mitochondrion matrix,NUC
96449,64965,MRPS9,69527.0,mitochondrial ribosomal protein S9,P82933,Mitochondrial central dogma > mtRNA metabolism > mtRNA granules | Mitochondrial central dogma > Translation > Mitochondrial ribosome,25.2372,3.0,chr2,True,Mitochondrion,NUC
96450,56997,COQ8A,67426.0,coenzyme Q8A,Q8NI60,Metabolism > Metals and cofactors > Coenzyme Q metabolism,25.1926,,chr1,True,Mitochondrion membrane,NUC
96451,37,ACADVL,11370.0,acyl-CoA dehydrogenase very long chain,P49748,Metabolism > Lipid metabolism > Fatty acid oxidation,25.1431,1.0,chr17,True,Mitochondrion inner membrane,MIM
96452,51117,COQ4,227683.0,coenzyme Q4,Q9Y3A0,Metabolism > Metals and cofactors > Coenzyme Q metabolism,25.0971,1.0,chr9,True,Mitochondrion inner membrane,MIM
96453,29088,MRPL15,27395.0,mitochondrial ribosomal protein L15,Q9P015,Mitochondrial central dogma > Translation > Mitochondrial ribosome,25.0806,4.0,chr8,True,Mitochondrion,NUC
96454,4695,NDUFA2,17991.0,NADH:ubiquinone oxidoreductase subunit A2,O43678,OXPHOS > Complex I > CI subunits | OXPHOS > OXPHOS subunits,25.0692,2.0,chr5,True,Mitochondrion inner membrane,MIM
96455,79590,MRPL24,67707.0,mitochondrial ribosomal protein L24,Q96A35,Mitochondrial central dogma > Translation > Mitochondrial ribosome,25.0642,3.0,chr1,True,Mitochondrion,NUC
96456,3329,HSPD1,15510.0,heat shock protein family D (Hsp60) member 1,P10809,"Protein import, sorting and homeostasis > Protein homeostasis > Chaperones",25.0621,1.0,chr2,True,Mitochondrion matrix,NUC
96457,4725,NDUFS5,595136.0,NADH:ubiquinone oxidoreductase subunit S5,O43920,OXPHOS > Complex I > CI subunits | OXPHOS > OXPHOS subunits,25.0273,,chr1,True,Mitochondrion inner membrane,MIM
96458,50808,AK3,56248.0,adenylate kinase 3,Q9UIJ7,Metabolism > Nucleotide metabolism > Nucleotide synthesis and processing,25.0021,2.0,chr9,True,Mitochondrion matrix,NUC
96459,54205,CYCS,13063.0,"cytochrome c, somatic",P99999,Metabolism > Metals and cofactors > Heme-containing proteins | Metabolism > Electron carriers > Cytochromes | OXPHOS > OXPHOS subunits | OXPHOS > Cytochrome C | Mitochondrial dynamics and surveillance > Apoptosis,24.9447,,chr7,True,Mitochondrion intermembrane space,NUC
96460,4285,MIPEP,70478.0,mitochondrial intermediate peptidase,Q99797,"Protein import, sorting and homeostasis > Protein import and sorting > Preprotein cleavage | Protein import, sorting and homeostasis > Protein homeostasis > Proteases",24.9354,1.0,chr13,True,Mitochondrion matrix,NUC
96461,90624,LYRM7,75530.0,LYR motif containing 7,Q5U5X0,OXPHOS > Complex III > CIII assembly factors | OXPHOS > OXPHOS assembly factors,24.9269,2.0,chr5,True,Mitochondrion matrix,NUC
96462,1384,CRAT,12908.0,carnitine O-acetyltransferase,P43155,Metabolism > Lipid metabolism > Fatty acid oxidation,24.9,2.0,chr9,True,Endoplasmic reticulum,NUC
96463,5096,PCCB,66904.0,propionyl-CoA carboxylase subunit beta,P05166,Metabolism > Carbohydrate metabolism > Propanoate metabolism | Metabolism > Lipid metabolism > Fatty acid oxidation,24.8143,1.0,chr3,True,Mitochondrion matrix,NUC
96464,51081,MRPS7,50529.0,mitochondrial ribosomal protein S7,Q9Y2R9,Mitochondrial central dogma > mtRNA metabolism > mtRNA granules | Mitochondrial central dogma > Translation > Mitochondrial ribosome,24.5906,2.0,chr17,True,Mitochondrion,NUC
96465,11222,MRPL3,94062.0,mitochondrial ribosomal protein L3,P09001,Mitochondrial central dogma > Translation > Mitochondrial ribosome,24.5294,4.0,chr3,True,Mitochondrion,NUC
96466,5625,PRODH,19125.0,proline dehydrogenase 1,O43272,"Metabolism > Amino acid metabolism > Proline metabolism | Metabolism > Electron carriers > Q-linked reactions, other",24.4195,3.0,chr22,True,Mitochondrion matrix,NUC
96467,5095,PCCA,110821.0,propionyl-CoA carboxylase subunit alpha,P05165,Metabolism > Carbohydrate metabolism > Propanoate metabolism | Metabolism > Lipid metabolism > Fatty acid oxidation | Metabolism > Vitamin metabolism > Biotin utilizing proteins,24.4144,2.0,chr13,True,Mitochondrion matrix,NUC
96468,56922,MCCC1,72039.0,methylcrotonoyl-CoA carboxylase 1,Q96RQ3,Metabolism > Amino acid metabolism > Branched-chain amino acid metabolism | Metabolism > Vitamin metabolism > Biotin utilizing proteins,24.4144,2.0,chr3,True,Mitochondrion matrix,NUC
96469,6183,MRPS12,24030.0,mitochondrial ribosomal protein S12,O15235,Mitochondrial central dogma > Translation > Mitochondrial ribosome,24.3808,,chr19,True,Mitochondrion,NUC
96470,81570,CLPB,20480.0,caseinolytic mitochondrial matrix peptidase chaperone subunit B,Q9H078,"Protein import, sorting and homeostasis > Protein homeostasis > Proteases",24.3119,1.0,chr11,True,Mitochondrion intermembrane space,NUC
96471,5163,PDK1,228026.0,pyruvate dehydrogenase kinase 1,Q15118,Metabolism > Carbohydrate metabolism > Pyruvate metabolism,24.2522,1.0,chr2,True,Mitochondrion matrix,NUC
96472,740,MRPL49,18120.0,mitochondrial ribosomal protein L49,Q13405,Mitochondrial central dogma > Translation > Mitochondrial ribosome,24.1026,2.0,chr11,True,Mitochondrion,NUC
96473,1347,COX7A2,12866.0,cytochrome c oxidase subunit 7A2,P14406,OXPHOS > Complex IV > CIV subunits | OXPHOS > OXPHOS subunits,24.0965,,chr6,True,Mitochondrion inner membrane,MIM
96474,84233,TMEM126A,66271.0,transmembrane protein 126A,Q9H061,OXPHOS > Complex I > CI assembly factors | OXPHOS > OXPHOS assembly factors,24.0965,,chr11,True,Mitochondrion inner membrane,MIM
96475,55268,ECHDC2,52430.0,enoyl-CoA hydratase domain containing 2,Q86YB7,0,24.0959,2.0,chr1,True,Mitochondrion,NUC
96476,3052,HCCS,15159.0,holocytochrome c synthase,P53701,Metabolism > Metals and cofactors > Heme synthesis and processing | OXPHOS > OXPHOS subunits | OXPHOS > Cytochrome C,24.0815,,chrX,True,Mitochondrion inner membrane,MIM
96477,11112,HIBADH,58875.0,3-hydroxyisobutyrate dehydrogenase,P31937,Metabolism > Amino acid metabolism > Branched-chain amino acid metabolism,24.0796,1.0,chr7,True,Mitochondrion,NUC
96478,9801,MRPL19,56284.0,mitochondrial ribosomal protein L19,P49406,Mitochondrial central dogma > Translation > Mitochondrial ribosome,24.0496,2.0,chr2,True,Mitochondrion,NUC
96479,64979,MRPL36,94066.0,mitochondrial ribosomal protein L36,Q9P0J6,Mitochondrial central dogma > Translation > Mitochondrial ribosome,24.0424,2.0,chr5,True,Mitochondrion,NUC
96480,253512,SLC25A30,67554.0,solute carrier family 25 member 30,Q5SVS4,Metabolism > Sulfur metabolism | Small molecule transport > SLC25A family,24.0095,5.0,chr13,True,Mitochondrion inner membrane,MIM
96481,622,BDH1,71911.0,3-hydroxybutyrate dehydrogenase 1,Q02338,Metabolism > Carbohydrate metabolism > Ketone metabolism,23.9841,1.0,chr3,True,Mitochondrion inner membrane,MIM
96482,10667,FARS2,69955.0,"phenylalanyl-tRNA synthetase 2, mitochondrial",O95363,Mitochondrial central dogma > Translation > mt-tRNA synthetases,23.8332,2.0,chr6,True,Mitochondrion matrix,NUC
96483,22,ABCB7,11306.0,ATP binding cassette subfamily B member 7,O75027,Metabolism > Metals and cofactors > Heme synthesis and processing | Metabolism > Metals and cofactors > Fe-S cluster biosynthesis | Metabolism > Metals and cofactors > Molybdenum cofactor synthesis and proteins | Small molecule transport > ABC transporters,23.7395,2.0,chrX,True,Mitochondrion inner membrane,MIM
96484,4580,MTX1,17827.0,metaxin 1,Q13505,"Protein import, sorting and homeostasis > Protein import and sorting > SAM | Mitochondrial dynamics and surveillance > Intramitochondrial membrane interactions",23.6637,5.0,chr1,True,Membrane,NUC
96485,4701,NDUFA7,66416.0,NADH:ubiquinone oxidoreductase subunit A7,O95182,OXPHOS > Complex I > CI subunits | OXPHOS > OXPHOS subunits,23.6535,4.0,chr19,True,Mitochondrion inner membrane,MIM
96486,10440,TIMM17A,21854.0,translocase of inner mitochondrial membrane 17A,Q99595,"Protein import, sorting and homeostasis > Protein import and sorting > TIM23 presequence pathway",23.5181,,chr1,True,Mitochondrion inner membrane,MIM
96487,223,ALDH9A1,56752.0,aldehyde dehydrogenase 9 family member A1,P49189,Metabolism > Amino acid metabolism > GABA metabolism | Metabolism > Detoxification > ROS and glutathione metabolism,23.4278,1.0,chr1,True,"Cytoplasm, cytosol",NUC
96565,670,BPHL,68021.0,biphenyl hydrolase like,Q86WA6,Metabolism > Detoxification > Xenobiotic metabolism,20.4068,1.0,chr6,True,Mitochondrion,NUC
96488,51023,MRPS18C,68735.0,mitochondrial ribosomal protein S18C,Q9Y3D5,Mitochondrial central dogma > Translation > Mitochondrial ribosome,23.3634,4.0,chr4,True,Mitochondrion,NUC
96489,92935,MARS2,212679.0,"methionyl-tRNA synthetase 2, mitochondrial",Q96GW9,Mitochondrial central dogma > Translation > mt-tRNA synthetases,23.2841,2.0,chr2,True,Mitochondrion matrix,NUC
96490,4329,ALDH6A1,104776.0,aldehyde dehydrogenase 6 family member A1,Q02252,Metabolism > Amino acid metabolism > Branched-chain amino acid metabolism,23.2735,2.0,chr14,True,Mitochondrion,NUC
96491,2232,FDXR,14149.0,ferredoxin reductase,P22570,"Metabolism > Lipid metabolism > Cholesterol, bile acid, steroid synthesis | Metabolism > Metals and cofactors > Heme synthesis and processing | Metabolism > Metals and cofactors > Fe-S cluster biosynthesis | Metabolism > Vitamin metabolism > Vitamin D metabolism",23.1029,1.0,chr17,True,Mitochondrion,NUC
96492,283459,GATC,384281.0,glutamyl-tRNA amidotransferase subunit C,O43716,Mitochondrial central dogma > Translation > mt-tRNA synthetases,23.092,2.0,chr12,True,Mitochondrion,NUC
96493,10131,TRAP1,68015.0,TNF receptor associated protein 1,Q12931,"Protein import, sorting and homeostasis > Protein homeostasis > Chaperones",23.0794,1.0,chr16,True,Mitochondrion,NUC
96494,27034,ACAD8,66948.0,acyl-CoA dehydrogenase family member 8,Q9UKU7,Metabolism > Amino acid metabolism > Branched-chain amino acid metabolism,22.9279,1.0,chr11,True,Mitochondrion,NUC
96495,217,ALDH2,11669.0,aldehyde dehydrogenase 2 family member,P05091,Metabolism > Detoxification > Xenobiotic metabolism,22.8635,1.0,chr12,True,Mitochondrion matrix,NUC
96496,10105,PPIF,105675.0,peptidylprolyl isomerase F,P30405,Signaling > Calcium homeostasis > Mitochondrial permeability transition pore,22.852,1.0,chr10,True,Mitochondrion matrix,NUC
96497,29928,TIMM22,56322.0,translocase of inner mitochondrial membrane 22,Q9Y584,"Protein import, sorting and homeostasis > Protein import and sorting > TIM22 carrier pathway",22.8174,,chr17,True,Mitochondrion inner membrane,MIM
96498,3712,IVD,56357.0,isovaleryl-CoA dehydrogenase,P26440,Metabolism > Amino acid metabolism > Branched-chain amino acid metabolism,22.807,2.0,chr15,True,Mitochondrion matrix,NUC
96499,79944,L2HGDH,217666.0,L-2-hydroxyglutarate dehydrogenase,Q9H9P8,Metabolism > Carbohydrate metabolism > TCA-associated,22.7952,1.0,chr14,True,Mitochondrion,NUC
96500,23474,ETHE1,66071.0,ETHE1 persulfide dioxygenase,O95571,Metabolism > Sulfur metabolism,22.7142,2.0,chr19,True,Cytoplasm,NUC
96501,55052,MRPL20,66448.0,mitochondrial ribosomal protein L20,Q9BYC9,Mitochondrial central dogma > Translation > Mitochondrial ribosome,22.6882,1.0,chr1,True,Mitochondrion,NUC
96502,292,SLC25A5,11740.0,solute carrier family 25 member 5,P05141,Metabolism > Nucleotide metabolism > Nucleotide import | Signaling > Calcium homeostasis > Mitochondrial permeability transition pore | Small molecule transport > SLC25A family,22.6723,,chrX,True,Mitochondrion inner membrane,MIM
96503,8604,SLC25A12,78830.0,solute carrier family 25 member 12,O75746,Metabolism > Carbohydrate metabolism > Malate-aspartate shuttle | Metabolism > Amino acid metabolism > Glutamate metabolism | Signaling > Calcium homeostasis > EF hand proteins | Small molecule transport > SLC25A family,22.6723,,chr2,True,Mitochondrion inner membrane,MIM
96504,54460,MRPS21,66292.0,mitochondrial ribosomal protein S21,P82921,Mitochondrial central dogma > Translation > Mitochondrial ribosome,22.6171,,chr1,True,Mitochondrion,NUC
96505,56993,TOMM22,223696.0,translocase of outer mitochondrial membrane 22,Q9NS69,"Protein import, sorting and homeostasis > Protein import and sorting > TOM",22.5656,,chr22,True,Mitochondrion outer membrane,NUC
96506,10449,ACAA2,52538.0,acetyl-CoA acyltransferase 2,P42765,Metabolism > Carbohydrate metabolism > Ketone metabolism | Metabolism > Lipid metabolism > Fatty acid oxidation | Metabolism > Amino acid metabolism > Lysine metabolism,22.5372,3.0,chr18,True,Mitochondrion,NUC
96507,51263,MRPL30,107734.0,mitochondrial ribosomal protein L30,Q8TCC3,Mitochondrial central dogma > Translation > Mitochondrial ribosome,22.4329,4.0,chr2,True,Mitochondrion,NUC
96508,9093,DNAJA3,83945.0,DnaJ heat shock protein family (Hsp40) member A3,Q96EY1,"Protein import, sorting and homeostasis > Protein homeostasis > Chaperones",22.3735,3.0,chr16,True,Mitochondrion matrix,NUC
96509,4708,NDUFB2,68198.0,NADH:ubiquinone oxidoreductase subunit B2,O95178,OXPHOS > Complex I > CI subunits | OXPHOS > OXPHOS subunits,22.2978,2.0,chr7,True,Mitochondrion inner membrane,MIM
96510,65993,MRPS34,79044.0,mitochondrial ribosomal protein S34,P82930,Mitochondrial central dogma > Translation > Mitochondrial ribosome,22.2978,2.0,chr16,True,Mitochondrion,NUC
96511,2109,ETFB,110826.0,electron transfer flavoprotein subunit beta,P38117,"Metabolism > Lipid metabolism > Fatty acid oxidation | Metabolism > Amino acid metabolism > Branched-chain amino acid metabolism | Metabolism > Amino acid metabolism > Lysine metabolism | Metabolism > Amino acid metabolism > Glycine metabolism | Metabolism > Vitamin metabolism > Choline and betaine metabolism | Metabolism > Electron carriers > Q-linked reactions, other",22.2803,5.0,chr19,True,Mitochondrion matrix,NUC
96512,246269,AFG1L,215951.0,AFG1 like ATPase,Q8WV93,"Protein import, sorting and homeostasis > Protein homeostasis > Proteases",22.1425,4.0,chr6,True,Mitochondrion membrane,NUC
96513,93974,ATP5IF1,11983.0,ATP synthase inhibitory factor subunit 1,Q9UII2,OXPHOS > Complex V > CV subunits | OXPHOS > OXPHOS subunits,22.1189,3.0,chr1,True,Mitochondrion,NUC
96514,515,ATP5PB,11950.0,ATP synthase peripheral stalk-membrane subunit b,P24539,OXPHOS > Complex V > CV subunits | OXPHOS > OXPHOS subunits,22.1144,4.0,chr1,True,Mitochondrion,NUC
96515,1350,COX7C,12867.0,cytochrome c oxidase subunit 7C,P15954,OXPHOS > Complex IV > CIV subunits | OXPHOS > OXPHOS subunits,22.1144,4.0,chr5,True,Mitochondrion inner membrane,MIM
96516,54927,CHCHD3,66075.0,coiled-coil-helix-coiled-coil-helix domain containing 3,Q9NX63,Mitochondrial dynamics and surveillance > Cristae formation > MICOS complex | Mitochondrial dynamics and surveillance > Intramitochondrial membrane interactions,22.0697,,chr7,True,Mitochondrion inner membrane,MIM
96517,80219,COQ10B,67876.0,coenzyme Q10B,Q9H8M1,Metabolism > Metals and cofactors > Coenzyme Q metabolism,22.0284,2.0,chr2,True,Mitochondrion inner membrane,MIM
96518,197322,ACSF3,257633.0,acyl-CoA synthetase family member 3,Q4G176,Metabolism > Lipid metabolism > Type II fatty acid synthesis,22.0114,1.0,chr16,True,Mitochondrion,NUC
96519,26073,POLDIP2,67811.0,DNA polymerase delta interacting protein 2,Q9Y2S7,Mitochondrial central dogma > mtDNA maintenance > mtDNA nucleoid,22.0081,1.0,chr17,True,Mitochondrion matrix,NUC
96520,1468,SLC25A10,27376.0,solute carrier family 25 member 10,Q9UBX3,Metabolism > Carbohydrate metabolism > Gluconeogenesis | Metabolism > Carbohydrate metabolism > Malate-aspartate shuttle | Small molecule transport > SLC25A family,21.9806,,chr17,True,Mitochondrion inner membrane,MIM
96521,10165,SLC25A13,50799.0,solute carrier family 25 member 13,Q9UJS0,Metabolism > Carbohydrate metabolism > Malate-aspartate shuttle | Metabolism > Amino acid metabolism > Urea cycle | Signaling > Calcium homeostasis > EF hand proteins | Small molecule transport > SLC25A family,21.9806,,chr7,True,Mitochondrion inner membrane,MIM
96522,5165,PDK3,236900.0,pyruvate dehydrogenase kinase 3,Q15120,Metabolism > Carbohydrate metabolism > Pyruvate metabolism,21.9161,2.0,chrX,True,Mitochondrion matrix,NUC
96523,10873,ME3,109264.0,malic enzyme 3,Q16798,Metabolism > Carbohydrate metabolism > TCA-associated,21.8086,5.0,chr11,True,Mitochondrion matrix,NUC
96566,30968,STOML2,66592.0,stomatin like 2,Q9UJZ1,"Protein import, sorting and homeostasis > Protein homeostasis",20.4068,1.0,chr9,True,Cell membrane,NUC
96524,29093,MRPL22,216767.0,mitochondrial ribosomal protein L22,Q9NWU5,Mitochondrial central dogma > Translation > Mitochondrial ribosome,21.7952,2.0,chr5,True,Mitochondrion,NUC
96525,3418,IDH2,269951.0,isocitrate dehydrogenase (NADP(+)) 2,P48735,Metabolism > Carbohydrate metabolism > TCA cycle,21.7892,1.0,chr15,True,Mitochondrion,NUC
96526,2639,GCDH,270076.0,glutaryl-CoA dehydrogenase,Q92947,Metabolism > Amino acid metabolism > Lysine metabolism,21.6769,1.0,chr19,True,Mitochondrion matrix,NUC
96527,57129,MRPL47,74600.0,mitochondrial ribosomal protein L47,Q9HD33,Mitochondrial central dogma > mtRNA metabolism > mtRNA granules | Mitochondrial central dogma > Translation > Mitochondrial ribosome,21.6672,1.0,chr3,True,Mitochondrion,NUC
96528,27068,PPA2,74776.0,inorganic pyrophosphatase 2,Q9H2U2,Mitochondrial central dogma > mtDNA maintenance | Mitochondrial central dogma > mtRNA metabolism | Mitochondrial central dogma > Translation | Metabolism > Nucleotide metabolism,21.6578,1.0,chr4,True,Mitochondrion,NUC
96529,65005,MRPL9,78523.0,mitochondrial ribosomal protein L9,Q9BYD2,Mitochondrial central dogma > Translation > Mitochondrial ribosome,21.6235,2.0,chr1,True,Mitochondrion,NUC
96530,400916,CHCHD10,103172.0,coiled-coil-helix-coiled-coil-helix domain containing 10,Q8WYQ3,0,21.6206,2.0,chr22,True,Mitochondrion intermembrane space,NUC
96531,10352,WARS2,70560.0,"tryptophanyl tRNA synthetase 2, mitochondrial",Q9UGM6,Mitochondrial central dogma > Translation > mt-tRNA synthetases,21.6195,2.0,chr1,True,Mitochondrion matrix,NUC
96532,60386,SLC25A19,67283.0,solute carrier family 25 member 19,Q9HC21,Metabolism > Vitamin metabolism > Vitamin B1 metabolism | Small molecule transport > SLC25A family,21.6162,,chr17,True,Mitochondrion membrane,NUC
96533,84869,CBR4,234309.0,carbonyl reductase 4,Q8N4T8,Metabolism > Lipid metabolism > Type II fatty acid synthesis,21.6019,4.0,chr4,True,Mitochondrion matrix,NUC
96534,91689,SMDT1,69029.0,single-pass membrane protein with aspartate rich tail 1,Q9H4I9,Signaling > Calcium homeostasis > Calcium cycle | Small molecule transport > Calcium uniporter,21.5638,2.0,chr22,True,Mitochondrion inner membrane,MIM
96535,3029,HAGH,14651.0,hydroxyacylglutathione hydrolase,Q16775,Metabolism > Detoxification > ROS and glutathione metabolism,21.5442,1.0,chr16,True,Mitochondrion matrix,NUC
96536,1346,COX7A1,12865.0,cytochrome c oxidase subunit 7A1,P24310,OXPHOS > Complex IV > CIV subunits | OXPHOS > OXPHOS subunits,21.5213,2.0,chr19,True,Mitochondrion inner membrane,MIM
96537,92170,MTG1,212508.0,mitochondrial ribosome associated GTPase 1,Q9BT17,Mitochondrial central dogma > Translation > Mitochondrial ribosome assembly,21.5122,3.0,chr10,True,Mitochondrion inner membrane,MIM
96538,84987,COX14,66379.0,cytochrome c oxidase assembly factor COX14,Q96I36,Mitochondrial central dogma > Translation > Translation factors | OXPHOS > Complex IV > CIV assembly factors | OXPHOS > OXPHOS assembly factors,21.5055,,chr12,True,Mitochondrion outer membrane,NUC
96539,55967,NDUFA12,66414.0,NADH:ubiquinone oxidoreductase subunit A12,Q9UI09,OXPHOS > Complex I > CI subunits | OXPHOS > OXPHOS subunits,21.467,5.0,chr12,True,Mitochondrion inner membrane,MIM
96540,51021,MRPS16,66242.0,mitochondrial ribosomal protein S16,Q9Y3D3,Mitochondrial central dogma > Translation > Mitochondrial ribosome,21.4649,2.0,chr10,True,Mitochondrion,NUC
96541,80298,MTERF2,74238.0,mitochondrial transcription termination factor 2,Q49AM1,Mitochondrial central dogma > mtDNA maintenance > mtDNA nucleoid,21.4143,1.0,chr12,True,Mitochondrion,NUC
96542,144363,ETFRF1,67636.0,electron transfer flavoprotein regulatory factor 1,Q6IPR1,"Metabolism > Electron carriers > Q-linked reactions, other",21.348,,chr12,True,Mitochondrion,NUC
96543,2820,GPD2,14571.0,glycerol-3-phosphate dehydrogenase 2,P43304,"Metabolism > Carbohydrate metabolism > Glycerol phosphate shuttle | Metabolism > Electron carriers > Q-linked reactions, other",21.2901,4.0,chr2,True,Mitochondrion,NUC
96544,4705,NDUFA10,67273.0,NADH:ubiquinone oxidoreductase subunit A10,O95299,OXPHOS > Complex I > CI subunits | OXPHOS > OXPHOS subunits,21.261,2.0,chr2,True,Mitochondrion matrix,NUC
96545,4718,NDUFC2,68197.0,NADH:ubiquinone oxidoreductase subunit C2,O95298,OXPHOS > Complex I > CI subunits | OXPHOS > OXPHOS subunits,21.219,,chr11,True,Mitochondrion inner membrane,MIM
96546,81892,SLIRP,380773.0,SRA stem-loop interacting RNA binding protein,Q9GZT3,Mitochondrial central dogma > mtRNA metabolism > mtRNA stability and decay | Mitochondrial central dogma > Translation,21.211,1.0,chr14,True,Mitochondrion,NUC
96547,4508,MT-ATP6,17705.0,ATP synthase F0 subunit 6,P00846,OXPHOS > Complex V > CV subunits | OXPHOS > OXPHOS subunits,21.1221,,chrM,True,Mitochondrion inner membrane,MIM
96548,4513,MT-CO2,17709.0,cytochrome c oxidase subunit II,P00403,OXPHOS > Complex IV > CIV subunits | OXPHOS > OXPHOS subunits,21.1221,,chrM,True,Mitochondrion inner membrane,MIM
96549,29090,TIMM21,67105.0,translocase of inner mitochondrial membrane 21,Q9BVV7,"Mitochondrial central dogma > Translation > Translation factors | Protein import, sorting and homeostasis > Protein import and sorting > TIM23 presequence pathway | OXPHOS > Complex IV > CIV assembly factors | OXPHOS > OXPHOS assembly factors",21.0878,5.0,chr18,True,Mitochondrion membrane,NUC
96550,4702,NDUFA8,68375.0,NADH:ubiquinone oxidoreductase subunit A8,P51970,OXPHOS > Complex I > CI subunits | OXPHOS > OXPHOS subunits,21.0863,,chr9,True,Mitochondrion inner membrane,MIM
96551,2744,GLS,14660.0,glutaminase,O94925,Metabolism > Amino acid metabolism > Glutamate metabolism,20.9853,1.0,chr2,True,Mitochondrion,NUC
96552,54539,NDUFB11,104130.0,NADH:ubiquinone oxidoreductase subunit B11,Q9NX14,OXPHOS > Complex I > CI subunits | OXPHOS > OXPHOS subunits,20.8256,1.0,chrX,True,Mitochondrion inner membrane,MIM
96553,55526,DHTKD1,209692.0,dehydrogenase E1 and transketolase domain containing 1,Q96HY7,Metabolism > Amino acid metabolism > Lysine metabolism,20.7995,2.0,chr10,True,Mitochondrion,NUC
96554,51011,FAHD2A,68126.0,fumarylacetoacetate hydrolase domain containing 2A,Q96GK7,0,20.747,2.0,chr2,True,Mitochondrion,NUC
96555,7923,HSD17B8,14979.0,hydroxysteroid 17-beta dehydrogenase 8,Q92506,"Metabolism > Lipid metabolism > Type II fatty acid synthesis | Metabolism > Lipid metabolism > Cholesterol, bile acid, steroid synthesis",20.727,1.0,chr6,True,Mitochondrion matrix,NUC
96556,84681,HINT2,68917.0,histidine triad nucleotide binding protein 2,Q9BX68,"Metabolism > Lipid metabolism > Cholesterol, bile acid, steroid synthesis",20.727,1.0,chr9,True,Mitochondrion,NUC
96557,64969,MRPS5,77721.0,mitochondrial ribosomal protein S5,P82675,Mitochondrial central dogma > Translation > Mitochondrial ribosome,20.6794,,chr2,True,Mitochondrion,NUC
96558,221545,C6orf136,69662.0,chromosome 6 open reading frame 136,Q5SQH8,0,20.67,2.0,chr6,True,,NUC
96559,283377,SPRYD4,66701.0,SPRY domain containing 4,Q8WW59,0,20.623,1.0,chr12,True,,NUC
96560,387787,LIPT2,67164.0,lipoyl(octanoyl) transferase 2,A6NK58,Metabolism > Lipid metabolism > Lipoate insertion,20.6189,2.0,chr11,True,Mitochondrion,NUC
96561,1666,DECR1,67460.0,"2,4-dienoyl-CoA reductase 1",Q16698,Metabolism > Lipid metabolism > Fatty acid oxidation,20.6061,2.0,chr8,True,Mitochondrion,NUC
96562,64949,MRPS26,99045.0,mitochondrial ribosomal protein S26,Q9BYN8,Mitochondrial central dogma > Translation > Mitochondrial ribosome,20.5582,2.0,chr20,True,Mitochondrion,NUC
96563,10166,SLC25A15,18408.0,solute carrier family 25 member 15,Q9Y619,Metabolism > Amino acid metabolism > Urea cycle | Small molecule transport > SLC25A family,20.4855,,chr13,True,Mitochondrion inner membrane,MIM
96564,4731,NDUFV3,78330.0,NADH:ubiquinone oxidoreductase subunit V3,P56181,OXPHOS > Complex I > CI subunits | OXPHOS > OXPHOS subunits,20.4205,3.0,chr21,True,Mitochondrion inner membrane,MIM
96567,22921,MSRB2,76467.0,methionine sulfoxide reductase B2,Q9Y3D2,Metabolism > Detoxification > ROS and glutathione metabolism | Metabolism > Sulfur metabolism,20.2816,2.0,chr10,True,Mitochondrion,NUC
96568,114294,LACTB,80907.0,lactamase beta,P83111,"Protein import, sorting and homeostasis > Protein homeostasis > Proteases | Metabolism > Lipid metabolism > Phospholipid metabolism",20.2415,1.0,chr15,True,Mitochondrion,NUC
96569,10452,TOMM40,53333.0,translocase of outer mitochondrial membrane 40,O96008,"Protein import, sorting and homeostasis > Protein import and sorting > TOM",20.2397,,chr19,True,Mitochondrion outer membrane,NUC
96570,114789,SLC25A25,227731.0,solute carrier family 25 member 25,Q6KCM7,Metabolism > Nucleotide metabolism > Nucleotide import | Signaling > Calcium homeostasis > EF hand proteins | Small molecule transport > SLC25A family,20.2397,,chr9,True,Mitochondrion inner membrane,MIM
96571,203054,ADCK5,268822.0,aarF domain containing kinase 5,Q3MIX3,0,20.2277,2.0,chr8,True,Membrane,NUC
96572,80724,ACAD10,71985.0,acyl-CoA dehydrogenase family member 10,Q6JQN1,Metabolism > Lipid metabolism > Fatty acid oxidation,20.1818,1.0,chr12,True,,NUC
96573,23078,VWA8,219189.0,von Willebrand factor A domain containing 8,A3KMH1,0,20.1591,2.0,chr13,True,Mitochondrion,NUC
96574,60492,CCDC90B,66365.0,coiled-coil domain containing 90B,Q9GZT6,0,20.1315,1.0,chr11,True,Mitochondrion membrane,NUC
96575,55735,DNAJC11,230935.0,DnaJ heat shock protein family (Hsp40) member C11,Q9NVH1,"Protein import, sorting and homeostasis > Protein import and sorting | Mitochondrial dynamics and surveillance > Intramitochondrial membrane interactions",20.0999,,chr1,True,Mitochondrion,NUC
96576,84266,ALKBH7,66400.0,alkB homolog 7,Q9BT30,0,20.0806,2.0,chr19,True,Mitochondrion matrix,NUC
96577,2731,GLDC,104174.0,glycine decarboxylase,P23378,Metabolism > Amino acid metabolism > Glycine metabolism | Metabolism > Amino acid metabolism > Glycine cleavage system,20.0566,3.0,chr9,True,Mitochondrion,NUC
96578,347411,MPC1L,245347.0,mitochondrial pyruvate carrier 1 like,P0DKB6,Metabolism > Carbohydrate metabolism > Gluconeogenesis | Metabolism > Carbohydrate metabolism > Pyruvate metabolism | Metabolism > Carbohydrate metabolism > TCA-associated | Small molecule transport,20.0388,3.0,chrX,True,Mitochondrion inner membrane,MIM
96579,117145,THEM4,75778.0,thioesterase superfamily member 4,Q5T1C6,Metabolism > Lipid metabolism,19.9875,1.0,chr1,True,Cell membrane,NUC
96580,6742,SSBP1,381760.0,single stranded DNA binding protein 1,Q04837,Mitochondrial central dogma > mtDNA maintenance > mtDNA replication | Mitochondrial central dogma > mtDNA maintenance > mtDNA nucleoid,19.9351,2.0,chr7,True,Mitochondrion,NUC
96581,51264,MRPL27,94064.0,mitochondrial ribosomal protein L27,Q9P0M9,Mitochondrial central dogma > Translation > Mitochondrial ribosome,19.9351,2.0,chr17,True,Mitochondrion,NUC
96582,150274,HSCB,100900.0,HscB mitochondrial iron-sulfur cluster cochaperone,Q8IWL3,Metabolism > Metals and cofactors > Fe-S cluster biosynthesis,19.9351,2.0,chr22,True,Cytoplasm,NUC
96583,55173,MRPS10,64657.0,mitochondrial ribosomal protein S10,P82664,Mitochondrial central dogma > Translation > Mitochondrial ribosome,19.918,3.0,chr6,True,Mitochondrion,NUC
96584,205,AK4,11639.0,adenylate kinase 4,P27144,Metabolism > Nucleotide metabolism > Nucleotide synthesis and processing,19.9135,4.0,chr1,True,Mitochondrion matrix,NUC
96585,55210,ATAD3A,108888.0,ATPase family AAA domain containing 3A,Q9NVI7,Mitochondrial central dogma > mtDNA maintenance > mtDNA nucleoid | Mitochondrial dynamics and surveillance > Organelle contact sites | Mitochondrial dynamics and surveillance > Intramitochondrial membrane interactions,19.9009,,chr1,True,Mitochondrion inner membrane,MIM
96586,51253,MRPL37,56280.0,mitochondrial ribosomal protein L37,Q9BZE1,Mitochondrial central dogma > Translation > Mitochondrial ribosome,19.8663,3.0,chr1,True,Mitochondrion,NUC
96587,80142,PTGES2,96979.0,prostaglandin E synthase 2,Q9H7Z7,Metabolism > Lipid metabolism > Eicosanoid metabolism,19.8663,3.0,chr9,True,Golgi apparatus membrane,NUC
96588,10587,TXNRD2,26462.0,thioredoxin reductase 2,Q9NNW7,Metabolism > Detoxification > ROS and glutathione metabolism | Metabolism > Detoxification > Selenoproteins,19.853,1.0,chr22,True,Mitochondrion,NUC
96589,54988,ACSM5,272428.0,acyl-CoA synthetase medium chain family member 5,Q6NUN0,Metabolism > Lipid metabolism > Fatty acid oxidation | Metabolism > Detoxification > Xenobiotic metabolism,19.853,1.0,chr16,True,Mitochondrion matrix,NUC
96590,55847,CISD1,52637.0,CDGSH iron sulfur domain 1,Q9NZ45,Metabolism > Metals and cofactors > Fe-S cluster biosynthesis | Metabolism > Metals and cofactors > Fe-S-containing proteins,19.8223,,chr10,True,Mitochondrion outer membrane,NUC
96591,64975,MRPL41,107733.0,mitochondrial ribosomal protein L41,Q8IXM3,Mitochondrial central dogma > Translation > Mitochondrial ribosome,19.7869,4.0,chr9,True,Mitochondrion,NUC
96592,54996,MTARC2,67247.0,mitochondrial amidoxime reducing component 2,Q969Z3,Metabolism > Metals and cofactors > Molybdenum cofactor synthesis and proteins | Metabolism > Detoxification > Xenobiotic metabolism | Metabolism > Detoxification > Amidoxime reducing complex,19.7768,3.0,chr1,True,Mitochondrion outer membrane,NUC
96593,64968,MRPS6,121022.0,mitochondrial ribosomal protein S6,P82932,Mitochondrial central dogma > Translation > Mitochondrial ribosome,19.7396,,chr21,True,Mitochondrion,NUC
96594,6150,MRPL23,19935.0,mitochondrial ribosomal protein L23,Q16540,Mitochondrial central dogma > Translation > Mitochondrial ribosome,19.7219,2.0,chr11,True,Mitochondrion,NUC
96595,58472,SQOR,59010.0,sulfide quinone oxidoreductase,Q9Y6N5,"Metabolism > Electron carriers > Q-linked reactions, other | Metabolism > Sulfur metabolism",19.7219,2.0,chr15,True,Mitochondrion,NUC
96596,6341,SCO1,52892.0,synthesis of cytochrome C oxidase 1,O75880,OXPHOS > Complex IV > CIV assembly factors | Metabolism > Metals and cofactors > Copper metabolism | OXPHOS > OXPHOS assembly factors,19.7152,2.0,chr17,True,Mitochondrion inner membrane,MIM
96597,23464,GCAT,26912.0,glycine C-acetyltransferase,O75600,Metabolism > Amino acid metabolism > Glycine metabolism,19.7152,2.0,chr22,True,Mitochondrion,NUC
96598,25902,MTHFD1L,270685.0,methylenetetrahydrofolate dehydrogenase (NADP+ dependent) 1 like,Q6UB35,Metabolism > Vitamin metabolism > Folate and 1-C metabolism,19.7152,2.0,chr6,True,Mitochondrion,NUC
96599,10455,ECI2,23986.0,enoyl-CoA delta isomerase 2,O75521,Metabolism > Lipid metabolism > Fatty acid oxidation,19.6922,1.0,chr6,True,Mitochondrion,NUC
96600,7381,UQCRB,67530.0,ubiquinol-cytochrome c reductase binding protein,P14927,OXPHOS > Complex III > CIII subunits | OXPHOS > OXPHOS subunits,19.6799,,chr8,True,Mitochondrion inner membrane,MIM
96601,10476,ATP5PD,71679.0,ATP synthase peripheral stalk subunit d,O75947,OXPHOS > Complex V > CV subunits | OXPHOS > OXPHOS subunits,19.6799,,chr17,True,Mitochondrion,NUC
96602,10632,ATP5MG,27425.0,ATP synthase membrane subunit g,O75964,OXPHOS > Complex V > CV subunits | OXPHOS > OXPHOS subunits | Mitochondrial dynamics and surveillance > Cristae formation,19.6799,,chr11,True,Mitochondrion,NUC
96603,131076,CCDC58,381045.0,coiled-coil domain containing 58,Q4VC31,0,19.6799,,chr3,True,,NUC
96604,64087,MCCC2,78038.0,methylcrotonoyl-CoA carboxylase 2,Q9HCC0,Metabolism > Amino acid metabolism > Branched-chain amino acid metabolism,19.6753,2.0,chr5,True,Mitochondrion matrix,NUC
96605,84693,MCEE,73724.0,methylmalonyl-CoA epimerase,Q96PE7,Metabolism > Carbohydrate metabolism > Propanoate metabolism | Metabolism > Lipid metabolism > Fatty acid oxidation,19.672,2.0,chr2,True,Mitochondrion,NUC
96606,4337,MOCS1,56738.0,molybdenum cofactor synthesis 1,Q9NZB8,Metabolism > Metals and cofactors > Molybdenum cofactor synthesis and proteins,19.6691,1.0,chr6,True,Mitochondrion matrix,NUC
96607,4594,MMUT,17850.0,methylmalonyl-CoA mutase,P22033,Metabolism > Carbohydrate metabolism > Propanoate metabolism | Metabolism > Lipid metabolism > Fatty acid oxidation | Metabolism > Vitamin metabolism > Vitamin B12 metabolism,19.6453,3.0,chr6,True,Mitochondrion matrix,NUC
96608,92014,SLC25A51,230125.0,solute carrier family 25 member 51,Q9H1U9,Metabolism > Metals and cofactors > NAD biosynthesis and metabolism | Small molecule transport > SLC25A family,19.5547,,chr9,True,Mitochondrion inner membrane,MIM
96609,6687,SPG7,234847.0,"SPG7 matrix AAA peptidase subunit, paraplegin",Q9UQ90,"Protein import, sorting and homeostasis > Protein homeostasis > Proteases",19.5533,3.0,chr16,True,Mitochondrion inner membrane,MIM
96610,518,ATP5MC3,228033.0,ATP synthase membrane subunit c locus 3,P48201,OXPHOS > Complex V > CV subunits | OXPHOS > OXPHOS subunits,19.5524,2.0,chr2,True,Mitochondrion membrane,NUC
96611,84896,ATAD1,67979.0,ATPase family AAA domain containing 1,Q8NBU5,"Protein import, sorting and homeostasis > Protein homeostasis > Proteases",19.4339,,chr10,True,Mitochondrion outer membrane,NUC
96612,92106,OXNAD1,218885.0,oxidoreductase NAD binding domain containing 1,Q96HP4,0,19.3897,4.0,chr3,True,,NUC
96613,26164,MTG2,52856.0,mitochondrial ribosome associated GTPase 2,Q9H4K7,Mitochondrial central dogma > Translation > Mitochondrial ribosome assembly,19.3602,1.0,chr20,True,Mitochondrion,NUC
96614,55157,DARS2,226539.0,"aspartyl-tRNA synthetase 2, mitochondrial",Q6PI48,Mitochondrial central dogma > Translation > mt-tRNA synthetases,19.3589,2.0,chr1,True,Mitochondrion matrix,NUC
96615,51258,MRPL51,66493.0,mitochondrial ribosomal protein L51,Q4U2R6,Mitochondrial central dogma > Translation > Mitochondrial ribosome,19.3408,2.0,chr12,True,Mitochondrion,NUC
96616,5091,PC,18563.0,pyruvate carboxylase,P11498,Metabolism > Carbohydrate metabolism > Gluconeogenesis | Metabolism > Carbohydrate metabolism > TCA-associated | Metabolism > Vitamin metabolism > Biotin utilizing proteins,19.3217,2.0,chr11,True,Mitochondrion matrix,NUC
96617,171425,CLYBL,69634.0,citramalyl-CoA lyase,Q8N0X4,Metabolism > Carbohydrate metabolism > Itaconate metabolism,19.28,1.0,chr13,True,Mitochondrion,NUC
96618,50640,PNPLA8,67452.0,patatin like phospholipase domain containing 8,Q9NP80,Metabolism > Lipid metabolism > Cardiolipin synthesis | Metabolism > Lipid metabolism > Phospholipid metabolism,19.2324,4.0,chr7,True,Endoplasmic reticulum membrane,NUC
96619,23417,MLYCD,56690.0,malonyl-CoA decarboxylase,O95822,Metabolism > Lipid metabolism,19.2305,1.0,chr16,True,Cytoplasm,NUC
96620,100996939,PYURF,66459.0,PIGY upstream reading frame,Q96I23,0,19.1515,1.0,chr4,True,Mitochondrion,NUC
96621,10245,TIMM17B,21855.0,translocase of inner mitochondrial membrane 17B,O60830,"Protein import, sorting and homeostasis > Protein import and sorting > TIM23 presequence pathway",19.1438,,chrX,True,Mitochondrion inner membrane,MIM
96622,64983,MRPL32,75398.0,mitochondrial ribosomal protein L32,Q9BYC8,Mitochondrial central dogma > Translation > Mitochondrial ribosome,19.1186,,chr7,True,Mitochondrion,NUC
96623,115286,SLC25A26,67582.0,solute carrier family 25 member 26,Q70HW3,Small molecule transport > SLC25A family,19.0589,,chr3,True,Mitochondrion inner membrane,MIM
96624,58510,PRODH2,56189.0,proline dehydrogenase 2,Q9UF12,"Metabolism > Amino acid metabolism > Glyoxylate metabolism | Metabolism > Electron carriers > Q-linked reactions, other",19.0243,2.0,chr19,True,,NUC
96625,56954,NIT2,52633.0,nitrilase family member 2,Q9NQR4,Metabolism > Detoxification,18.9854,5.0,chr3,True,Cytoplasm,NUC
96626,112812,FDX2,68165.0,ferredoxin 2,Q6P4F2,Metabolism > Metals and cofactors > Heme synthesis and processing | Metabolism > Metals and cofactors > Fe-S cluster biosynthesis | Metabolism > Metals and cofactors > Fe-S-containing proteins,18.774,2.0,chr19,True,Mitochondrion,NUC
96627,4200,ME2,107029.0,malic enzyme 2,P23368,Metabolism > Carbohydrate metabolism > TCA-associated,18.7687,3.0,chr18,True,Mitochondrion matrix,NUC
96628,7284,TUFM,233870.0,"Tu translation elongation factor, mitochondrial",P49411,Mitochondrial central dogma > Translation > Translation factors,18.7687,3.0,chr16,True,Mitochondrion matrix,NUC
96629,1339,COX6A2,12862.0,cytochrome c oxidase subunit 6A2,Q02221,OXPHOS > Complex IV > CIV subunits | OXPHOS > OXPHOS subunits,18.761,3.0,chr16,True,Mitochondrion inner membrane,MIM
96630,10463,SLC30A9,109108.0,solute carrier family 30 member 9,Q6PML9,Small molecule transport,18.7541,1.0,chr4,True,Mitochondrion membrane,NUC
96631,132001,TAMM41,68971.0,TAM41 mitochondrial translocator assembly and maintenance homolog,Q96BW9,Metabolism > Lipid metabolism > Cardiolipin synthesis | Metabolism > Lipid metabolism > Phospholipid metabolism,18.7491,,chr3,True,Mitochondrion inner membrane,MIM
96632,100287932,TIMM23,53600.0,translocase of inner mitochondrial membrane 23,O14925,"Protein import, sorting and homeostasis > Protein import and sorting > TIM23 presequence pathway",18.7491,,chr10,True,Mitochondrion inner membrane,MIM
96633,55005,RMND1,66084.0,required for meiotic nuclear division 1 homolog,Q9NWS8,Mitochondrial central dogma > mtRNA metabolism > mtRNA granules | Mitochondrial central dogma > Translation,18.7339,2.0,chr6,True,Mitochondrion,NUC
96634,9927,MFN2,170731.0,mitofusin 2,O95140,Mitochondrial dynamics and surveillance > Fusion | Mitochondrial dynamics and surveillance > Organelle contact sites,18.7088,4.0,chr1,True,Mitochondrion outer membrane,NUC
96635,728489,DNLZ,52838.0,DNL-type zinc finger,Q5SXM8,"Protein import, sorting and homeostasis > Protein homeostasis > Chaperones",18.6742,2.0,chr9,True,Mitochondrion,NUC
96636,131474,CHCHD4,72170.0,coiled-coil-helix-coiled-coil-helix domain containing 4,Q8N4Q1,"Protein import, sorting and homeostasis > Protein import and sorting > MIA40",18.6102,,chr3,True,Mitochondrion intermembrane space,NUC
96637,4706,NDUFAB1,70316.0,NADH:ubiquinone oxidoreductase subunit AB1,O14561,OXPHOS > Complex I > CI subunits | Metabolism > Lipid metabolism > Type II fatty acid synthesis | Metabolism > Metals and cofactors > Fe-S cluster biosynthesis | OXPHOS > OXPHOS subunits,18.5522,1.0,chr16,True,Mitochondrion,NUC
96638,116285,ACSM1,117147.0,acyl-CoA synthetase medium chain family member 1,Q08AH1,Metabolism > Lipid metabolism > Fatty acid oxidation,18.4477,2.0,chr16,True,Mitochondrion matrix,NUC
96639,493753,COA5,76178.0,cytochrome c oxidase assembly factor 5,Q86WW8,OXPHOS > Complex IV > CIV assembly factors | OXPHOS > OXPHOS assembly factors,18.4367,,chr2,True,Mitochondrion intermembrane space,NUC
96640,27235,COQ2,71883.0,"coenzyme Q2, polyprenyltransferase",Q96H96,Metabolism > Metals and cofactors > Coenzyme Q metabolism,18.3569,3.0,chr4,True,Mitochondrion inner membrane,MIM
96641,57107,PDSS2,71365.0,decaprenyl diphosphate synthase subunit 2,Q86YH6,Metabolism > Metals and cofactors > Coenzyme Q metabolism,18.3085,2.0,chr6,True,Mitochondrion,NUC
96642,1962,EHHADH,74147.0,enoyl-CoA hydratase and 3-hydroxyacyl CoA dehydrogenase,Q08426,Metabolism > Lipid metabolism,18.2869,5.0,chr3,True,Peroxisome,NUC
96643,4722,NDUFS3,68349.0,NADH:ubiquinone oxidoreductase core subunit S3,O75489,OXPHOS > Complex I > CI subunits | OXPHOS > OXPHOS subunits,18.2867,1.0,chr11,True,Mitochondrion inner membrane,MIM
96644,23456,ABCB10,56199.0,ATP binding cassette subfamily B member 10,Q9NRK6,Metabolism > Metals and cofactors > Heme synthesis and processing | Small molecule transport > ABC transporters,18.2703,,chr1,True,Mitochondrion inner membrane,MIM
96645,1160,CKMT2,76722.0,"creatine kinase, mitochondrial 2",P17540,Metabolism > Nucleotide metabolism > Creatine metabolism,18.2617,3.0,chr5,True,Mitochondrion inner membrane,MIM
96646,64432,MRPS25,64658.0,mitochondrial ribosomal protein S25,P82663,Mitochondrial central dogma > Translation > Mitochondrial ribosome,18.2617,3.0,chr3,True,Mitochondrion,NUC
96647,28976,ACAD9,229211.0,acyl-CoA dehydrogenase family member 9,Q9H845,OXPHOS > Complex I > CI assembly factors | OXPHOS > OXPHOS assembly factors,18.227,1.0,chr3,True,Mitochondrion inner membrane,MIM
96648,51241,COX16,66272.0,cytochrome c oxidase assembly factor COX16,Q9P0S2,OXPHOS > Complex IV > CIV assembly factors | OXPHOS > OXPHOS assembly factors,18.1871,5.0,chr14,True,Mitochondrion inner membrane,MIM
96649,125228,FAM210A,108654.0,family with sequence similarity 210 member A,Q96ND0,0,18.1771,2.0,chr18,True,Mitochondrion inner membrane,MIM
96650,55856,ACOT13,66834.0,acyl-CoA thioesterase 13,Q9NPJ3,Metabolism > Lipid metabolism,18.1718,5.0,chr6,True,"Cytoplasm, cytosol",NUC
96651,1374,CPT1A,12894.0,carnitine palmitoyltransferase 1A,P50416,Metabolism > Lipid metabolism > Fatty acid oxidation | Metabolism > Metals and cofactors > Carnitine synthesis and transport | Metabolism > Metals and cofactors > Carnitine shuttle,18.158,,chr11,True,Mitochondrion outer membrane,NUC
96652,10901,DHRS4,28200.0,dehydrogenase/reductase 4,Q9BTZ2,Metabolism > Vitamin metabolism > Vitamin A metabolism,18.0707,2.0,chr14,True,Peroxisome,NUC
96653,153768,PRELID2,77619.0,PRELI domain containing 2,Q8N945,0,18.0411,,chr5,True,,NUC
96654,79587,CARS2,71941.0,"cysteinyl-tRNA synthetase 2, mitochondrial",Q9HA77,Mitochondrial central dogma > Translation > mt-tRNA synthetases,18.0124,2.0,chr13,True,Mitochondrion,NUC
96655,2631,NIPSNAP2,14467.0,nipsnap homolog 2,O75323,Mitochondrial dynamics and surveillance > Mitophagy | Mitochondrial dynamics and surveillance > Autophagy,18.0086,1.0,chr7,True,Mitochondrion matrix,NUC
96656,4713,NDUFB7,66916.0,NADH:ubiquinone oxidoreductase subunit B7,P17568,OXPHOS > Complex I > CI subunits | OXPHOS > OXPHOS subunits,17.9816,,chr19,True,Mitochondrion inner membrane,MIM
96657,125988,MICOS13,224904.0,mitochondrial contact site and cristae organizing system subunit 13,Q5XKP0,Mitochondrial dynamics and surveillance > Cristae formation > MICOS complex,17.9816,,chr19,True,Mitochondrion inner membrane,MIM
96658,51022,GLRX2,69367.0,glutaredoxin 2,Q9NS18,Metabolism > Metals and cofactors > Fe-S-containing proteins | Metabolism > Vitamin metabolism > Vitamin C metabolism | Metabolism > Detoxification > ROS and glutathione metabolism,17.9483,1.0,chr1,True,Mitochondrion,NUC
96659,10884,MRPS30,59054.0,mitochondrial ribosomal protein S30,Q9NP92,Mitochondrial central dogma > Translation > Mitochondrial ribosome,17.9441,2.0,chr5,True,Mitochondrion,NUC
96660,9997,SCO2,100126824.0,synthesis of cytochrome C oxidase 2,O43819,OXPHOS > Complex IV > CIV assembly factors | Metabolism > Metals and cofactors > Copper metabolism | OXPHOS > OXPHOS assembly factors,17.9306,1.0,chr22,True,Mitochondrion inner membrane,MIM
96661,3028,HSD17B10,15108.0,hydroxysteroid 17-beta dehydrogenase 10,Q99714,"Mitochondrial central dogma > mtRNA metabolism > mtRNA granules | Mitochondrial central dogma > mtRNA metabolism > Polycistronic mtRNA processing | Mitochondrial central dogma > mtRNA metabolism > mt-tRNA modifications | Metabolism > Lipid metabolism > Fatty acid oxidation | Metabolism > Lipid metabolism > Cholesterol, bile acid, steroid synthesis | Metabolism > Amino acid metabolism > Branched-chain amino acid metabolism",17.883,,chrX,True,Mitochondrion,NUC
96662,79731,NARS2,244141.0,"asparaginyl-tRNA synthetase 2, mitochondrial",Q96I59,Mitochondrial central dogma > Translation > mt-tRNA synthetases,17.8532,2.0,chr11,True,Mitochondrion matrix,NUC
96663,285367,RPUSD3,101122.0,RNA pseudouridine synthase D3,Q6P087,Mitochondrial central dogma > mtRNA metabolism > mtRNA granules | Mitochondrial central dogma > mtRNA metabolism > mt-rRNA modifications,17.8532,2.0,chr3,True,Mitochondrion matrix,NUC
96664,6821,SUOX,211389.0,sulfite oxidase,P51687,Metabolism > Metals and cofactors > Molybdenum cofactor synthesis and proteins | Metabolism > Sulfur metabolism,17.8457,2.0,chr12,True,Mitochondrion intermembrane space,NUC
96665,1757,SARDH,192166.0,sarcosine dehydrogenase,Q9UL12,Metabolism > Amino acid metabolism > Glycine metabolism | Metabolism > Vitamin metabolism > Choline and betaine metabolism | Metabolism > Vitamin metabolism > Folate and 1-C metabolism,17.7797,1.0,chr9,True,Mitochondrion matrix,NUC
96666,10247,RIDA,15473.0,reactive intermediate imine deaminase A homolog,P52758,0,17.7683,4.0,chr8,True,Cytoplasm,NUC
96667,1351,COX8A,12868.0,cytochrome c oxidase subunit 8A,P10176,OXPHOS > Complex IV > CIV subunits | OXPHOS > OXPHOS subunits,17.7556,2.0,chr11,True,Mitochondrion inner membrane,MIM
96668,6697,SPR,20751.0,sepiapterin reductase,P35270,Metabolism > Metals and cofactors > Tetrahydrobiopterin synthesis,17.7302,5.0,chr2,True,Cytoplasm,NUC
96669,4358,MPV17,17527.0,mitochondrial inner membrane protein MPV17,P39210,Small molecule transport,17.715,4.0,chr2,True,Mitochondrion inner membrane,MIM
96670,284273,ZADH2,225791.0,zinc binding alcohol dehydrogenase domain containing 2,Q8N4Q0,Metabolism > Lipid metabolism > Eicosanoid metabolism,17.667,4.0,chr18,True,Peroxisome,NUC
96671,29074,MRPL18,67681.0,mitochondrial ribosomal protein L18,Q9H0U6,Mitochondrial central dogma > Translation > Mitochondrial ribosome,17.6657,1.0,chr6,True,Mitochondrion,NUC
96672,219,ALDH1B1,72535.0,aldehyde dehydrogenase 1 family member B1,P30837,Metabolism > Detoxification > Xenobiotic metabolism,17.6418,2.0,chr9,True,Mitochondrion matrix,NUC
96673,118487,CHCHD1,66121.0,coiled-coil-helix-coiled-coil-helix domain containing 1,Q96BP2,Mitochondrial central dogma > Translation > Mitochondrial ribosome,17.6292,3.0,chr10,True,Mitochondrion,NUC
96674,1678,TIMM8A,30058.0,translocase of inner mitochondrial membrane 8A,O60220,"Protein import, sorting and homeostasis > Protein homeostasis > Chaperones | Protein import, sorting and homeostasis > Protein import and sorting",17.5999,,chrX,True,Mitochondrion inner membrane,MIM
96675,7419,VDAC3,22335.0,voltage dependent anion channel 3,Q9Y277,Signaling > Calcium homeostasis > Mitochondrial permeability transition pore | Small molecule transport,17.5999,,chr8,True,Mitochondrion outer membrane,NUC
96676,29957,SLC25A24,229731.0,solute carrier family 25 member 24,Q6NUK1,Metabolism > Nucleotide metabolism > Nucleotide import | Signaling > Calcium homeostasis > EF hand proteins | Small molecule transport > SLC25A family,17.5999,,chr1,True,Mitochondrion inner membrane,MIM
96677,51660,MPC1,55951.0,mitochondrial pyruvate carrier 1,Q9Y5U8,Metabolism > Carbohydrate metabolism > Gluconeogenesis | Metabolism > Carbohydrate metabolism > Pyruvate metabolism | Metabolism > Carbohydrate metabolism > TCA-associated | Small molecule transport,17.5999,,chr6,True,Mitochondrion inner membrane,MIM
96678,79751,SLC25A22,68267.0,solute carrier family 25 member 22,Q9H936,Small molecule transport > SLC25A family,17.5999,,chr11,True,Mitochondrion inner membrane,MIM
96679,83447,SLC25A31,73333.0,solute carrier family 25 member 31,Q9H0C2,Metabolism > Nucleotide metabolism > Nucleotide import | Signaling > Calcium homeostasis > Mitochondrial permeability transition pore | Small molecule transport > SLC25A family,17.5999,,chr4,True,Mitochondrion inner membrane,MIM
96680,83733,SLC25A18,71803.0,solute carrier family 25 member 18,Q9H1K4,Small molecule transport > SLC25A family,17.5999,,chr22,True,Mitochondrion inner membrane,MIM
96681,51095,TRNT1,70047.0,tRNA nucleotidyl transferase 1,Q96Q11,Mitochondrial central dogma > mtRNA metabolism > mt-tRNA modifications,17.5943,2.0,chr3,True,Mitochondrion,NUC
96682,3416,IDE,15925.0,insulin degrading enzyme,P14735,"Protein import, sorting and homeostasis > Protein homeostasis > Proteases",17.5759,3.0,chr10,True,"Cytoplasm, cytosol",NUC
96887,9812,DELE1,66839.0,DAP3 binding cell death enhancer 1,Q14154,Signaling,12.0574,1.0,chr5,True,Mitochondrion,NUC
96683,373156,GSTK1,76263.0,glutathione S-transferase kappa 1,Q9Y2Q3,Metabolism > Detoxification > Xenobiotic metabolism,17.5601,,chr7,True,Peroxisome,NUC
96684,57176,VARS2,68915.0,"valyl-tRNA synthetase 2, mitochondrial",Q5ST30,Mitochondrial central dogma > Translation > mt-tRNA synthetases,17.5169,2.0,chr6,True,Mitochondrion,NUC
96685,3336,HSPE1,15528.0,heat shock protein family E (Hsp10) member 1,P61604,"Protein import, sorting and homeostasis > Protein homeostasis > Chaperones",17.479,,chr2,True,Mitochondrion matrix,NUC
96686,116541,MRPL54,66047.0,mitochondrial ribosomal protein L54,Q6P161,Mitochondrial central dogma > Translation > Mitochondrial ribosome,17.4674,4.0,chr19,True,Mitochondrion,NUC
96687,64978,MRPL38,60441.0,mitochondrial ribosomal protein L38,Q96DV4,Mitochondrial central dogma > Translation > Mitochondrial ribosome,17.4383,2.0,chr17,True,Mitochondrion,NUC
96688,3396,MRPL58,68572.0,mitochondrial ribosomal protein L58,Q14197,Mitochondrial central dogma > Translation > Mitochondrial ribosome | Mitochondrial central dogma > Translation > Translation factors,17.4104,1.0,chr17,True,Mitochondrion,NUC
96689,23787,MTCH1,56462.0,mitochondrial carrier 1,Q9NZJ7,Small molecule transport > SLC25A family,17.3541,,chr6,True,Mitochondrion outer membrane,NUC
96690,51499,TRIAP1,69076.0,TP53 regulated inhibitor of apoptosis 1,O43715,Metabolism > Lipid metabolism > Cardiolipin synthesis | Metabolism > Lipid metabolism > Phospholipid metabolism,17.3524,,chr12,True,Mitochondrion,NUC
96691,55037,PTCD3,69956.0,pentatricopeptide repeat domain 3,Q96EY7,Mitochondrial central dogma > Translation > Mitochondrial ribosome | Mitochondrial central dogma > Translation > Mitochondrial ribosome assembly,17.2962,1.0,chr2,True,Mitochondrion,NUC
96692,1352,COX10,70383.0,cytochrome c oxidase assembly factor heme A:farnesyltransferase COX10,Q12887,OXPHOS > Complex IV > CIV assembly factors | Metabolism > Metals and cofactors > Heme synthesis and processing | OXPHOS > OXPHOS assembly factors,17.2748,5.0,chr17,True,Mitochondrion membrane,NUC
96693,8165,AKAP1,11640.0,A-kinase anchoring protein 1,Q92667,Signaling > cAMP-PKA signaling,17.2637,,chr17,True,Mitochondrion outer membrane,NUC
96694,55178,MRM3,67390.0,mitochondrial rRNA methyltransferase 3,Q9HC36,Mitochondrial central dogma > mtRNA metabolism > mt-rRNA modifications | Mitochondrial central dogma > Translation > Mitochondrial ribosome assembly,17.2624,1.0,chr17,True,Mitochondrion,NUC
96695,204,AK2,11637.0,adenylate kinase 2,P54819,Metabolism > Nucleotide metabolism > Nucleotide synthesis and processing,17.2313,,chr1,True,Mitochondrion intermembrane space,NUC
96696,54968,TMEM70,70397.0,transmembrane protein 70,Q9BUB7,OXPHOS > Complex I > CI assembly factors | OXPHOS > Complex V > CV assembly factors | OXPHOS > OXPHOS assembly factors,17.2263,4.0,chr8,True,Mitochondrion inner membrane,MIM
96697,84273,NOA1,56412.0,nitric oxide associated 1,Q8NC60,Mitochondrial central dogma > mtRNA metabolism > mtRNA granules | Mitochondrial central dogma > Translation > Mitochondrial ribosome assembly,17.1851,1.0,chr4,True,Mitochondrion inner membrane,MIM
96698,63933,MCUR1,76137.0,mitochondrial calcium uniporter regulator 1,Q96AQ8,0,17.1844,5.0,chr6,True,Mitochondrion inner membrane,MIM
96699,51522,TMEM14C,66154.0,transmembrane protein 14C,Q9P0S9,0,17.1833,,chr6,True,Mitochondrion membrane,NUC
96700,4717,NDUFC1,66377.0,NADH:ubiquinone oxidoreductase subunit C1,O43677,OXPHOS > Complex I > CI subunits | OXPHOS > OXPHOS subunits,17.1335,1.0,chr4,True,Mitochondrion inner membrane,MIM
96701,51318,MRPL35,66223.0,mitochondrial ribosomal protein L35,Q9NZE8,Mitochondrial central dogma > Translation > Mitochondrial ribosome,17.0797,2.0,chr2,True,Mitochondrion,NUC
96702,4696,NDUFA3,66091.0,NADH:ubiquinone oxidoreductase subunit A3,O95167,OXPHOS > Complex I > CI subunits | OXPHOS > OXPHOS subunits,17.0508,,chr19,True,Mitochondrion inner membrane,MIM
96703,23590,PDSS1,56075.0,decaprenyl diphosphate synthase subunit 1,Q5T2R2,Metabolism > Metals and cofactors > Coenzyme Q metabolism,17.0241,2.0,chr10,True,Mitochondrion,NUC
96704,8034,SLC25A16,73132.0,solute carrier family 25 member 16,P16260,Small molecule transport > SLC25A family,16.9789,,chr10,True,Mitochondrion inner membrane,MIM
96705,154791,FMC1,66117.0,formation of mitochondrial complex V assembly factor 1 homolog,0,OXPHOS > Complex V > CV assembly factors | OXPHOS > OXPHOS assembly factors,16.9759,2.0,chr7,True,,NUC
96706,6296,ACSM3,20216.0,acyl-CoA synthetase medium chain family member 3,Q53FZ2,Metabolism > Lipid metabolism > Fatty acid oxidation,16.9674,1.0,chr16,True,Mitochondrion,NUC
96707,137682,NDUFAF6,76947.0,NADH:ubiquinone oxidoreductase complex assembly factor 6,Q330K2,OXPHOS > Complex I > CI assembly factors | OXPHOS > OXPHOS assembly factors,16.9393,3.0,chr8,True,Mitochondrion inner membrane,MIM
96708,7350,UCP1,22227.0,uncoupling protein 1,P25874,Small molecule transport > SLC25A family,16.9291,,chr4,True,Mitochondrion inner membrane,MIM
96709,94081,SFXN1,14057.0,sideroflexin 1,Q9H9B4,Metabolism > Amino acid metabolism > Serine metabolism | Metabolism > Vitamin metabolism > Folate and 1-C metabolism | Small molecule transport > Sideroflexins,16.8968,,chr5,True,Mitochondrion inner membrane,MIM
96710,51218,GLRX5,73046.0,glutaredoxin 5,Q86SX6,Metabolism > Metals and cofactors > Fe-S cluster biosynthesis | Metabolism > Metals and cofactors > Fe-S-containing proteins,16.8965,4.0,chr14,True,Mitochondrion matrix,NUC
96711,138428,PTRH1,329384.0,peptidyl-tRNA hydrolase 1 homolog,Q86Y79,0,16.8566,3.0,chr9,True,,NUC
96712,64963,MRPS11,67994.0,mitochondrial ribosomal protein S11,P82912,Mitochondrial central dogma > Translation > Mitochondrial ribosome,16.8275,2.0,chr15,True,Mitochondrion,NUC
96713,63929,XPNPEP3,321003.0,X-prolyl aminopeptidase 3,Q9NQH7,"Protein import, sorting and homeostasis > Protein import and sorting > Preprotein cleavage | Protein import, sorting and homeostasis > Protein homeostasis > Proteases",16.7746,4.0,chr22,True,Mitochondrion,NUC
96714,54704,PDP1,381511.0,pyruvate dehyrogenase phosphatase catalytic subunit 1,Q9P0J1,Metabolism > Carbohydrate metabolism > Pyruvate metabolism,16.711,2.0,chr8,True,Mitochondrion,NUC
96715,1632,ECI1,13177.0,enoyl-CoA delta isomerase 1,P42126,Metabolism > Lipid metabolism > Fatty acid oxidation,16.6712,2.0,chr16,True,Mitochondrion matrix,NUC
96716,89874,SLC25A21,217593.0,solute carrier family 25 member 21,Q9BQT8,Metabolism > Amino acid metabolism | Small molecule transport > SLC25A family,16.6691,,chr14,True,Mitochondrion inner membrane,MIM
96717,123096,SLC25A29,214663.0,solute carrier family 25 member 29,Q8N8R3,Metabolism > Amino acid metabolism > Lysine metabolism | Small molecule transport > SLC25A family,16.6691,,chr14,True,Mitochondrion inner membrane,MIM
96718,283130,SLC25A45,107375.0,solute carrier family 25 member 45,Q8N413,Small molecule transport > SLC25A family,16.6691,,chr11,True,Mitochondrion inner membrane,MIM
96719,57001,SDHAF3,71238.0,succinate dehydrogenase complex assembly factor 3,Q9NRP4,OXPHOS > Complex II > CII assembly factors | OXPHOS > OXPHOS assembly factors,16.6673,3.0,chr7,True,Mitochondrion matrix,NUC
96720,51012,PRELID3B,66390.0,PRELI domain containing 3B,Q9Y3B1,Metabolism > Lipid metabolism > Phospholipid metabolism,16.6353,,chr20,True,,NUC
96721,51629,SLC25A39,68066.0,solute carrier family 25 member 39,Q9BZJ4,Small molecule transport > SLC25A family,16.6353,,chr17,True,Mitochondrion inner membrane,MIM
96722,4709,NDUFB3,66495.0,NADH:ubiquinone oxidoreductase subunit B3,O43676,OXPHOS > Complex I > CI subunits | OXPHOS > OXPHOS subunits,16.6293,,chr2,True,Mitochondrion inner membrane,MIM
96723,25996,REXO2,104444.0,RNA exonuclease 2,Q9Y3B8,Mitochondrial central dogma > mtRNA metabolism > mtRNA stability and decay,16.5842,2.0,chr11,True,Mitochondrion intermembrane space,NUC
96724,2628,GATM,67092.0,glycine amidinotransferase,P50440,Metabolism > Nucleotide metabolism > Creatine metabolism,16.5759,2.0,chr15,True,Mitochondrion inner membrane,MIM
96725,26515,TIMM10B,14356.0,translocase of inner mitochondrial membrane 10B,Q9Y5J6,"Protein import, sorting and homeostasis > Protein homeostasis > Chaperones | Protein import, sorting and homeostasis > Protein import and sorting",16.5126,4.0,chr11,True,Mitochondrion inner membrane,MIM
96726,54938,SARS2,71984.0,"seryl-tRNA synthetase 2, mitochondrial",Q9NP81,Mitochondrial central dogma > Translation > mt-tRNA synthetases,16.4733,2.0,chr19,True,Mitochondrion matrix,NUC
96727,55349,CHDH,218865.0,choline dehydrogenase,Q8NE62,"Metabolism > Amino acid metabolism > Glycine metabolism | Metabolism > Vitamin metabolism > Choline and betaine metabolism | Metabolism > Vitamin metabolism > Folate and 1-C metabolism | Metabolism > Electron carriers > Q-linked reactions, other",16.4719,1.0,chr3,True,Mitochondrion inner membrane,MIM
96728,78988,MRPL57,67840.0,mitochondrial ribosomal protein L57,Q9BQC6,Mitochondrial central dogma > Translation > Mitochondrial ribosome,16.449,2.0,chr13,True,Mitochondrion,NUC
96729,414919,C8orf82,223665.0,chromosome 8 open reading frame 82,Q6P1X6,0,16.4463,2.0,chr8,True,,NUC
96730,124454,EARS2,67417.0,"glutamyl-tRNA synthetase 2, mitochondrial",Q5JPH6,Mitochondrial central dogma > Translation > mt-tRNA synthetases,16.3581,2.0,chr16,True,Mitochondrion matrix,NUC
96731,9380,GRHPR,76238.0,glyoxylate and hydroxypyruvate reductase,Q9UBQ7,Metabolism > Amino acid metabolism > Glyoxylate metabolism,16.3466,3.0,chr9,True,,NUC
96732,123263,MTFMT,69606.0,mitochondrial methionyl-tRNA formyltransferase,Q96DP5,Mitochondrial central dogma > Translation > fMet processing | Metabolism > Vitamin metabolism > Folate and 1-C metabolism,16.2791,1.0,chr15,True,Mitochondrion,NUC
96733,79810,PTCD2,68927.0,pentatricopeptide repeat domain 2,Q8WV60,Mitochondrial central dogma > mtRNA metabolism > mtRNA granules | Mitochondrial central dogma > mtRNA metabolism > Polycistronic mtRNA processing,16.2788,4.0,chr5,True,Mitochondrion,NUC
96734,55862,ECHDC1,52665.0,ethylmalonyl-CoA decarboxylase 1,Q9NTX5,Metabolism > Lipid metabolism,16.2579,,chr6,True,"Cytoplasm, cytosol",NUC
96735,23438,HARS2,70791.0,"histidyl-tRNA synthetase 2, mitochondrial",P49590,Mitochondrial central dogma > Translation > mt-tRNA synthetases,16.1202,2.0,chr5,True,Mitochondrion,NUC
96736,4697,NDUFA4,17992.0,NDUFA4 mitochondrial complex associated,O00483,OXPHOS > Complex IV > CIV subunits | OXPHOS > OXPHOS subunits,16.014,,chr7,True,Mitochondrion inner membrane,MIM
96737,51079,NDUFA13,67184.0,NADH:ubiquinone oxidoreductase subunit A13,Q9P0J0,OXPHOS > Complex I > CI subunits | OXPHOS > OXPHOS subunits,16.014,,chr19,True,Mitochondrion inner membrane,MIM
96738,128240,NAXE,246703.0,NAD(P)HX epimerase,Q8NCW5,Metabolism > Metals and cofactors > NAD biosynthesis and metabolism,16.0079,2.0,chr1,True,Mitochondrion,NUC
96739,8834,TMEM11,216821.0,transmembrane protein 11,P17152,Mitochondrial dynamics and surveillance,15.95,3.0,chr17,True,Mitochondrion inner membrane,MIM
96740,83642,SELENOO,223776.0,selenoprotein O,Q9BVL4,Metabolism > Detoxification > Selenoproteins,15.9471,1.0,chr22,True,Mitochondrion,NUC
96741,162417,NAGS,217214.0,N-acetylglutamate synthase,Q8N159,Metabolism > Amino acid metabolism > Urea cycle,15.9375,3.0,chr17,True,Mitochondrion matrix,NUC
96742,3295,HSD17B4,15488.0,hydroxysteroid 17-beta dehydrogenase 4,P51659,Metabolism > Lipid metabolism,15.9229,4.0,chr5,True,Peroxisome,NUC
96743,55471,NDUFAF7,73694.0,NADH:ubiquinone oxidoreductase complex assembly factor 7,Q7L592,OXPHOS > Complex I > CI assembly factors | OXPHOS > OXPHOS assembly factors,15.9113,3.0,chr2,True,Mitochondrion,NUC
96744,4942,OAT,18242.0,ornithine aminotransferase,P04181,Metabolism > Amino acid metabolism > Proline metabolism,15.9076,1.0,chr10,True,Mitochondrion matrix,NUC
96745,54534,MRPL50,28028.0,mitochondrial ribosomal protein L50,Q8N5N7,Mitochondrial central dogma > Translation > Mitochondrial ribosome,15.8783,3.0,chr9,True,Mitochondrion,NUC
96746,1349,COX7B,66142.0,cytochrome c oxidase subunit 7B,P24311,OXPHOS > Complex IV > CIV subunits | OXPHOS > OXPHOS subunits,15.8766,2.0,chrX,True,Mitochondrion inner membrane,MIM
96747,57038,RARS2,109093.0,"arginyl-tRNA synthetase 2, mitochondrial",Q5T160,Mitochondrial central dogma > Translation > mt-tRNA synthetases,15.794,5.0,chr6,True,Mitochondrion membrane,NUC
96748,339229,OXLD1,66431.0,oxidoreductase like domain containing 1,Q5BKU9,0,15.7643,3.0,chr17,True,,NUC
96749,51110,LACTB2,212442.0,lactamase beta 2,Q53H82,Mitochondrial central dogma > mtRNA metabolism > mtRNA stability and decay,15.7502,3.0,chr8,True,Mitochondrion matrix,NUC
96750,126328,NDUFA11,69875.0,NADH:ubiquinone oxidoreductase subunit A11,Q86Y39,OXPHOS > Complex I > CI subunits | OXPHOS > OXPHOS subunits,15.7163,,chr19,True,Mitochondrion inner membrane,MIM
96751,54998,AURKAIP1,66077.0,aurora kinase A interacting protein 1,Q9NWT8,Mitochondrial central dogma > Translation > Mitochondrial ribosome,15.6543,2.0,chr1,True,Mitochondrion matrix,NUC
96752,79145,CHCHD7,66433.0,coiled-coil-helix-coiled-coil-helix domain containing 7,Q9BUK0,Metabolism > Metals and cofactors > Copper metabolism,15.6465,5.0,chr8,True,Mitochondrion intermembrane space,NUC
96753,6472,SHMT2,108037.0,serine hydroxymethyltransferase 2,P34897,Metabolism > Amino acid metabolism > Serine metabolism | Metabolism > Amino acid metabolism > Glycine metabolism | Metabolism > Vitamin metabolism > Folate and 1-C metabolism,15.6448,2.0,chr12,True,Mitochondrion,NUC
96754,10797,MTHFD2,17768.0,"methylenetetrahydrofolate dehydrogenase (NADP+ dependent) 2, methenyltetrahydrofolate cyclohydrolase",P13995,Metabolism > Vitamin metabolism > Folate and 1-C metabolism,15.5945,2.0,chr2,True,Mitochondrion,NUC
96755,51115,RMDN1,66302.0,regulator of microtubule dynamics 1,Q96DB5,0,15.5828,1.0,chr8,True,Cytoplasm,NUC
96756,1373,CPS1,227231.0,carbamoyl-phosphate synthase 1,P31327,Metabolism > Amino acid metabolism > Urea cycle,15.5621,2.0,chr2,True,Mitochondrion,NUC
96757,64928,MRPL14,68463.0,mitochondrial ribosomal protein L14,Q6P1L8,Mitochondrial central dogma > Translation > Mitochondrial ribosome,15.5546,2.0,chr6,True,Mitochondrion,NUC
96758,51250,MTRES1,67851.0,mitochondrial transcription rescue factor 1,Q9P0P8,Mitochondrial central dogma > mtRNA metabolism > Transcription | Mitochondrial central dogma > Translation,15.423,,chr6,True,Mitochondrion matrix,NUC
96759,112724,RDH13,108841.0,retinol dehydrogenase 13,Q8NBN7,Metabolism > Vitamin metabolism > Vitamin A metabolism,15.4199,,chr19,True,Mitochondrion inner membrane,MIM
96760,79979,TRMT2B,215201.0,tRNA methyltransferase 2 homolog B,Q96GJ1,Mitochondrial central dogma > mtRNA metabolism > mt-tRNA modifications | Mitochondrial central dogma > mtRNA metabolism > mt-rRNA modifications,15.4155,2.0,chrX,True,Mitochondrion,NUC
96761,64951,MRPS24,64660.0,mitochondrial ribosomal protein S24,Q96EL2,Mitochondrial central dogma > Translation > Mitochondrial ribosome,15.3646,4.0,chr7,True,Mitochondrion,NUC
96762,28958,COA3,52469.0,cytochrome c oxidase assembly factor 3,Q9Y2R0,Mitochondrial central dogma > Translation > Translation factors | OXPHOS > Complex IV > CIV assembly factors | OXPHOS > OXPHOS assembly factors,15.3448,,chr17,True,Mitochondrion inner membrane,MIM
96763,2936,GSR,14782.0,glutathione-disulfide reductase,P00390,Metabolism > Detoxification > ROS and glutathione metabolism,15.3163,2.0,chr8,True,Mitochondrion,NUC
96764,2021,ENDOG,13804.0,endonuclease G,Q14249,Mitochondrial central dogma > mtDNA maintenance > mtDNA stability and decay | Mitochondrial central dogma > mtRNA metabolism > mtRNA stability and decay | Mitochondrial dynamics and surveillance > Apoptosis,15.269,4.0,chr9,True,Mitochondrion,NUC
96765,587,BCAT2,12036.0,branched chain amino acid transaminase 2,O15382,Metabolism > Amino acid metabolism > Branched-chain amino acid metabolism,15.2627,3.0,chr19,True,Mitochondrion,NUC
96766,79736,TEFM,68550.0,"transcription elongation factor, mitochondrial",Q96QE5,Mitochondrial central dogma > mtRNA metabolism > Transcription,15.0986,3.0,chr17,True,Mitochondrion matrix,NUC
96767,80221,ACSF2,264895.0,acyl-CoA synthetase family member 2,Q96CM8,Metabolism > Lipid metabolism > Fatty acid oxidation,15.0953,1.0,chr17,True,Mitochondrion,NUC
96768,55687,TRMU,72026.0,tRNA mitochondrial 2-thiouridylase,O75648,Mitochondrial central dogma > mtRNA metabolism > mt-tRNA modifications,15.0407,4.0,chr22,True,Mitochondrion,NUC
96769,56945,MRPS22,64655.0,mitochondrial ribosomal protein S22,P82650,Mitochondrial central dogma > Translation > Mitochondrial ribosome,15.0324,,chr3,True,Mitochondrion,NUC
96770,51056,LAP3,66988.0,leucine aminopeptidase 3,P28838,"Protein import, sorting and homeostasis > Protein homeostasis > Proteases",15.0096,1.0,chr4,True,Cytoplasm,NUC
96771,2746,GLUD1,14661.0,glutamate dehydrogenase 1,P00367,Metabolism > Amino acid metabolism > Glutamate metabolism | Metabolism > Amino acid metabolism > GABA metabolism,14.9838,5.0,chr10,True,Mitochondrion,NUC
96772,3155,HMGCL,15356.0,3-hydroxy-3-methylglutaryl-CoA lyase,P35914,Metabolism > Carbohydrate metabolism > Ketone metabolism | Metabolism > Amino acid metabolism > Branched-chain amino acid metabolism,14.9768,1.0,chr1,True,Mitochondrion matrix,NUC
96773,2272,FHIT,14198.0,fragile histidine triad diadenosine triphosphatase,P49789,Metabolism > Nucleotide metabolism > Nucleotide synthesis and processing,14.9656,4.0,chr3,True,Cytoplasm,NUC
96774,51650,MRPS33,14548.0,mitochondrial ribosomal protein S33,Q9Y291,Mitochondrial central dogma > Translation > Mitochondrial ribosome,14.9601,2.0,chr7,True,Mitochondrion,NUC
96775,80224,NUBPL,76826.0,nucleotide binding protein like,Q8TB37,OXPHOS > Complex I > CI assembly factors | Metabolism > Metals and cofactors > Fe-S cluster biosynthesis | Metabolism > Metals and cofactors > Fe-S-containing proteins | OXPHOS > OXPHOS assembly factors,14.9062,3.0,chr14,True,Mitochondrion,NUC
96776,57226,LYRM2,108755.0,LYR motif containing 2,Q9NU23,OXPHOS > Complex I > CI assembly factors | OXPHOS > OXPHOS assembly factors,14.8599,1.0,chr6,True,Mitochondrion,NUC
96777,255027,MPV17L,93734.0,MPV17 mitochondrial inner membrane protein like,Q2QL34,Small molecule transport,14.8338,3.0,chr16,True,Peroxisome membrane,NUC
96778,90480,GADD45GIP1,102060.0,GADD45G interacting protein 1,Q8TAE8,Mitochondrial central dogma > Translation > Mitochondrial ribosome,14.8305,2.0,chr19,True,Mitochondrion,NUC
96779,7019,TFAM,21780.0,"transcription factor A, mitochondrial",Q00059,Mitochondrial central dogma > mtDNA maintenance > mtDNA replication | Mitochondrial central dogma > mtDNA maintenance > mtDNA nucleoid | Mitochondrial central dogma > mtRNA metabolism > Transcription,14.8274,2.0,chr10,True,Mitochondrion,NUC
96780,5832,ALDH18A1,56454.0,aldehyde dehydrogenase 18 family member A1,P54886,Metabolism > Amino acid metabolism > Proline metabolism,14.6874,5.0,chr10,True,Mitochondrion,NUC
96781,54995,OXSM,71147.0,"3-oxoacyl-ACP synthase, mitochondrial",Q9NWU1,Metabolism > Lipid metabolism > Type II fatty acid synthesis,14.6313,2.0,chr3,True,Mitochondrion,NUC
96782,56267,KYAT3,229905.0,kynurenine aminotransferase 3,Q6YP21,Metabolism > Amino acid metabolism > Kynurenine metabolism | Metabolism > Metals and cofactors > NAD biosynthesis and metabolism,14.6313,2.0,chr1,True,,NUC
96783,80222,TARS2,71807.0,"threonyl-tRNA synthetase 2, mitochondrial",Q9BW92,Mitochondrial central dogma > Translation > mt-tRNA synthetases,14.6313,2.0,chr1,True,Mitochondrion matrix,NUC
96784,9238,TBRG4,21379.0,transforming growth factor beta regulator 4,Q969Z0,Mitochondrial central dogma > mtRNA metabolism > Polycistronic mtRNA processing | Mitochondrial central dogma > mtRNA metabolism > mtRNA stability and decay,14.6312,1.0,chr7,True,Mitochondrion matrix,NUC
96785,157378,TMEM65,74868.0,transmembrane protein 65,Q6PI78,0,14.6312,1.0,chr8,True,Mitochondrion inner membrane,MIM
96786,140823,ROMO1,67067.0,reactive oxygen species modulator 1,P60602,"Protein import, sorting and homeostasis > Protein import and sorting > TIM23 presequence pathway | Small molecule transport",14.6285,,chr20,True,Mitochondrion inner membrane,MIM
96787,25824,PRDX5,54683.0,peroxiredoxin 5,P30044,Metabolism > Detoxification > ROS and glutathione metabolism,14.4942,2.0,chr11,True,Mitochondrion,NUC
96788,29103,DNAJC15,66148.0,DnaJ heat shock protein family (Hsp40) member C15,Q9Y5T4,"Protein import, sorting and homeostasis > Protein import and sorting > Import motor",14.4932,,chr13,True,Mitochondrion inner membrane,MIM
96789,79568,MAIP1,68115.0,matrix AAA peptidase interacting protein 1,Q8WWC4,"Protein import, sorting and homeostasis > Protein homeostasis > Chaperones",14.4625,2.0,chr2,True,Mitochondrion matrix,NUC
96790,25994,HIGD1A,56295.0,HIG1 hypoxia inducible domain family member 1A,Q9Y241,OXPHOS > Complex IV > CIV assembly factors | OXPHOS > OXPHOS assembly factors | OXPHOS > Respirasome assembly,14.4522,,chr3,True,Mitochondrion membrane,NUC
96791,283951,C16orf91,214489.0,chromosome 16 open reading frame 91,Q4G0I0,0,14.3685,1.0,chr16,True,Mitochondrion inner membrane,MIM
96792,89941,RHOT2,214952.0,ras homolog family member T2,Q8IXI1,Signaling > Calcium homeostasis > EF hand proteins | Mitochondrial dynamics and surveillance > Trafficking,14.3175,,chr16,True,Mitochondrion outer membrane,NUC
96793,9673,SLC25A44,229517.0,solute carrier family 25 member 44,Q96H78,Metabolism > Amino acid metabolism > Branched-chain amino acid metabolism | Small molecule transport > SLC25A family,14.296,,chr1,True,Mitochondrion membrane,NUC
96794,51179,HAO2,56185.0,hydroxyacid oxidase 2,Q9NYQ3,Metabolism > Lipid metabolism,14.2925,,chr1,True,Peroxisome,NUC
96795,5018,OXA1L,69089.0,OXA1L mitochondrial inner membrane protein,Q15070,"Protein import, sorting and homeostasis > Protein import and sorting > OXA | Mitochondrial central dogma > Translation",14.278,2.0,chr14,True,Mitochondrion inner membrane,MIM
96796,91137,SLC25A46,67453.0,solute carrier family 25 member 46,Q96AG3,Small molecule transport > SLC25A family | Mitochondrial dynamics and surveillance > Fission | Mitochondrial dynamics and surveillance > Intramitochondrial membrane interactions,14.2347,,chr5,True,Mitochondrion outer membrane,NUC
96797,57665,RDH14,105014.0,retinol dehydrogenase 14,Q9HBH5,Metabolism > Vitamin metabolism > Vitamin A metabolism,14.212,,chr2,True,,NUC
96798,9556,ATP5MPL,70257.0,ATP synthase membrane subunit 6.8PL,P56378,OXPHOS > Complex V > CV subunits | OXPHOS > OXPHOS subunits,14.159,,chr14,True,Mitochondrion membrane,NUC
96799,11238,CA5B,56078.0,carbonic anhydrase 5B,Q9Y2D0,Metabolism > Amino acid metabolism > Urea cycle,14.1358,2.0,chrX,True,Mitochondrion,NUC
96800,80347,COASY,71743.0,Coenzyme A synthase,Q13057,Metabolism > Metals and cofactors > Coenzyme A metabolism,14.1358,2.0,chr17,True,"Cytoplasm, cytosol",NUC
96801,284106,CISD3,217149.0,CDGSH iron sulfur domain 3,P0C7P0,Metabolism > Metals and cofactors > Fe-S cluster biosynthesis | Metabolism > Metals and cofactors > Fe-S-containing proteins,14.1358,2.0,chr17,True,Mitochondrion,NUC
96802,2954,GSTZ1,14874.0,glutathione S-transferase zeta 1,O43708,Metabolism > Detoxification > Xenobiotic metabolism,14.1262,4.0,chr14,True,Cytoplasm,NUC
96803,125965,COX6B2,333182.0,cytochrome c oxidase subunit 6B2,Q6YFQ2,OXPHOS > Complex IV > CIV subunits | OXPHOS > OXPHOS subunits,14.0781,,chr19,True,Mitochondrion inner membrane,MIM
96804,51031,GLOD4,67201.0,glyoxalase domain containing 4,Q9HC38,0,14.0669,1.0,chr17,True,Mitochondrion,NUC
96805,30,ACAA1,235674.0,acetyl-CoA acyltransferase 1,P09110,Metabolism > Lipid metabolism,14.0449,5.0,chr3,True,Peroxisome,NUC
96806,54677,CROT,74114.0,carnitine O-octanoyltransferase,Q9UKG9,Metabolism > Lipid metabolism > Fatty acid oxidation,14.0373,,chr7,True,Peroxisome,NUC
96807,64146,PDF,68023.0,"peptide deformylase, mitochondrial",Q9HBH1,"Mitochondrial central dogma > Translation > fMet processing | Protein import, sorting and homeostasis > Protein homeostasis",14.0367,,chr16,True,Mitochondrion,NUC
96808,90639,COX19,68033.0,cytochrome c oxidase assembly factor COX19,Q49B96,OXPHOS > Complex IV > CIV assembly factors | Metabolism > Metals and cofactors > Copper metabolism | OXPHOS > OXPHOS assembly factors,13.9987,,chr7,True,"Cytoplasm, cytosol",NUC
96809,275,AMT,434437.0,aminomethyltransferase,P48728,Metabolism > Amino acid metabolism > Glycine metabolism | Metabolism > Amino acid metabolism > Glycine cleavage system | Metabolism > Vitamin metabolism > Folate and 1-C metabolism,13.9633,1.0,chr3,True,Mitochondrion,NUC
96810,55066,PDPR,319518.0,pyruvate dehydrogenase phosphatase regulatory subunit,Q8NCN5,Metabolism > Carbohydrate metabolism > Pyruvate metabolism,13.9633,1.0,chr16,True,Mitochondrion matrix,NUC
96811,57486,NLN,75805.0,neurolysin,Q9BYT8,"Protein import, sorting and homeostasis > Protein homeostasis > Proteases",13.9633,1.0,chr5,True,Mitochondrion intermembrane space,NUC
96812,51027,BOLA1,69168.0,bolA family member 1,Q9Y3E2,Metabolism > Metals and cofactors > Fe-S cluster biosynthesis | Metabolism > Metals and cofactors > Fe-S-containing proteins,13.9219,5.0,chr1,True,Mitochondrion,NUC
96813,212,ALAS2,11656.0,5'-aminolevulinate synthase 2,P22557,Metabolism > Metals and cofactors > Heme synthesis and processing,13.85,5.0,chrX,True,Mitochondrion inner membrane,MIM
96814,134266,GRPEL2,17714.0,"GrpE like 2, mitochondrial",Q8TAA5,"Protein import, sorting and homeostasis > Protein import and sorting > Import motor | Metabolism > Metals and cofactors > Fe-S cluster biosynthesis",13.8497,1.0,chr5,True,Mitochondrion matrix,NUC
96815,501,ALDH7A1,110695.0,aldehyde dehydrogenase 7 family member A1,P49419,Metabolism > Amino acid metabolism > Lysine metabolism | Metabolism > Amino acid metabolism > Glycine metabolism | Metabolism > Vitamin metabolism > Choline and betaine metabolism | Metabolism > Vitamin metabolism > Folate and 1-C metabolism | Metabolism > Detoxification > ROS and glutathione metabolism,13.8432,2.0,chr5,True,Mitochondrion,NUC
96816,27440,HDHD5,214932.0,haloacid dehalogenase like hydrolase domain containing 5,Q9BXW7,0,13.8432,2.0,chr22,True,,NUC
96817,2671,GFER,11692.0,"growth factor, augmenter of liver regeneration",P55789,"Protein import, sorting and homeostasis > Protein import and sorting > MIA40",13.8041,,chr16,True,Mitochondrion intermembrane space,NUC
96818,83943,IMMP2L,93757.0,inner mitochondrial membrane peptidase subunit 2,Q96T52,"Protein import, sorting and homeostasis > Protein import and sorting > Preprotein cleavage | Protein import, sorting and homeostasis > Protein homeostasis > Proteases",13.8041,,chr7,True,Mitochondrion inner membrane,MIM
96819,84701,COX4I2,84682.0,cytochrome c oxidase subunit 4I2,Q96KJ9,OXPHOS > Complex IV > CIV subunits | OXPHOS > OXPHOS subunits,13.7961,3.0,chr20,True,Mitochondrion inner membrane,MIM
96820,54148,MRPL39,27393.0,mitochondrial ribosomal protein L39,Q9NYK5,Mitochondrial central dogma > Translation > Mitochondrial ribosome,13.7805,3.0,chr21,True,Mitochondrion,NUC
96821,51166,AADAT,23923.0,aminoadipate aminotransferase,Q8N5Z0,Metabolism > Amino acid metabolism > Lysine metabolism,13.7676,3.0,chr4,True,Mitochondrion,NUC
96822,65991,FUNDC2,67391.0,FUN14 domain containing 2,Q9BWH2,Mitochondrial dynamics and surveillance > Organelle contact sites | Signaling,13.7634,4.0,chrX,True,Mitochondrion outer membrane,NUC
96823,10434,LYPLA1,18777.0,lysophospholipase 1,O75608,Metabolism > Lipid metabolism | Signaling,13.7631,4.0,chr8,True,Cytoplasm,NUC
96824,5161,PDHA2,,pyruvate dehydrogenase E1 subunit alpha 2,P29803,Metabolism > Carbohydrate metabolism > Pyruvate metabolism,13.7592,1.0,chr4,True,Mitochondrion matrix,NUC
96825,54516,MTRF1L,108853.0,mitochondrial translational release factor 1 like,Q9UGC7,Mitochondrial central dogma > Translation > Translation factors,13.7285,1.0,chr6,True,Mitochondrion,NUC
96826,84705,GTPBP3,70359.0,"GTP binding protein 3, mitochondrial",Q969Y2,Mitochondrial central dogma > mtRNA metabolism > mt-tRNA modifications | Metabolism > Vitamin metabolism > Folate and 1-C metabolism,13.7285,1.0,chr19,True,Mitochondrion,NUC
96827,441024,MTHFD2L,665563.0,methylenetetrahydrofolate dehydrogenase (NADP+ dependent) 2 like,Q9H903,Metabolism > Vitamin metabolism > Folate and 1-C metabolism,13.7285,1.0,chr4,True,Mitochondrion inner membrane,MIM
96828,10730,YME1L1,27377.0,YME1 like 1 ATPase,Q96TA2,"Protein import, sorting and homeostasis > Protein homeostasis > Proteases",13.7265,5.0,chr10,True,Mitochondrion inner membrane,MIM
96829,10965,ACOT2,171210.0,acyl-CoA thioesterase 2,P49753,Metabolism > Lipid metabolism,13.6365,4.0,chr14,True,Mitochondrion,NUC
96830,84334,COA8,68020.0,cytochrome c oxidase assembly factor 8,Q96IL0,OXPHOS > Complex IV > CIV assembly factors | OXPHOS > OXPHOS assembly factors,13.5535,2.0,chr14,True,Mitochondrion inner membrane,MIM
96831,326625,MMAB,77697.0,metabolism of cobalamin associated B,Q96EY8,Metabolism > Vitamin metabolism > Vitamin B12 metabolism,13.5461,2.0,chr12,True,Mitochondrion,NUC
96832,5498,PPOX,19044.0,protoporphyrinogen oxidase,P50336,Metabolism > Metals and cofactors > Heme synthesis and processing,13.5423,4.0,chr1,True,Mitochondrion inner membrane,MIM
96833,5825,ABCD3,19299.0,ATP binding cassette subfamily D member 3,P28288,Small molecule transport > ABC transporters,13.5303,2.0,chr1,True,Peroxisome membrane,NUC
96834,23410,SIRT3,64384.0,sirtuin 3,Q9NTG7,Metabolism > Metals and cofactors > NAD biosynthesis and metabolism | Signaling,13.5038,4.0,chr11,True,Mitochondrion matrix,NUC
96835,197257,LDHD,52815.0,lactate dehydrogenase D,Q86WU2,Metabolism > Carbohydrate metabolism,13.493,5.0,chr16,True,Mitochondrion,NUC
96836,84311,MRPL45,67036.0,mitochondrial ribosomal protein L45,B4DEF8,Mitochondrial central dogma > Translation > Mitochondrial ribosome,13.4907,4.0,chr17,True,Mitochondrion,NUC
96837,91574,C12orf65,72650.0,chromosome 12 open reading frame 65,Q9H3J6,Mitochondrial central dogma > Translation > Translation factors,13.4869,,chr12,True,Mitochondrion,NUC
96838,196294,IMMP1L,66541.0,inner mitochondrial membrane peptidase subunit 1,Q96LU5,"Protein import, sorting and homeostasis > Protein import and sorting > Preprotein cleavage | Protein import, sorting and homeostasis > Protein homeostasis > Proteases",13.4869,,chr11,True,Mitochondrion inner membrane,MIM
96839,5428,POLG,18975.0,"DNA polymerase gamma, catalytic subunit",P54098,Mitochondrial central dogma > mtDNA maintenance > mtDNA replication | Mitochondrial central dogma > mtDNA maintenance > mtDNA nucleoid | Mitochondrial central dogma > mtDNA maintenance > mtDNA repair,13.4692,2.0,chr15,True,Mitochondrion,NUC
96840,64756,ATPAF1,230649.0,ATP synthase mitochondrial F1 complex assembly factor 1,Q5TC12,OXPHOS > Complex V > CV assembly factors | OXPHOS > OXPHOS assembly factors,13.4272,,chr1,True,Mitochondrion inner membrane,MIM
96841,2647,BLOC1S1,14533.0,biogenesis of lysosomal organelles complex 1 subunit 1,P78537,Signaling,13.397,4.0,chr12,True,Mitochondrion intermembrane space,NUC
96842,160428,ALDH1L2,216188.0,aldehyde dehydrogenase 1 family member L2,Q3SY69,Metabolism > Vitamin metabolism > Folate and 1-C metabolism,13.3962,2.0,chr12,True,Mitochondrion,NUC
96843,285521,COX18,231430.0,cytochrome c oxidase assembly factor COX18,Q8N8Q8,OXPHOS > Complex IV > CIV assembly factors | OXPHOS > OXPHOS assembly factors,13.3581,2.0,chr4,True,Mitochondrion inner membrane,MIM
96844,1371,CPOX,12892.0,coproporphyrinogen oxidase,P36551,Metabolism > Metals and cofactors > Heme synthesis and processing,13.3434,,chr3,True,Mitochondrion intermembrane space,NUC
96845,23530,NNT,18115.0,nicotinamide nucleotide transhydrogenase,Q13423,Metabolism > Metals and cofactors > NAD biosynthesis and metabolism,13.3432,5.0,chr5,True,Mitochondrion inner membrane,MIM
96846,284184,NDUFAF8,208501.0,NADH:ubiquinone oxidoreductase complex assembly factor 8,A1L188,OXPHOS > Complex I > CI assembly factors | OXPHOS > OXPHOS assembly factors,13.3169,2.0,chr17,True,Mitochondrion,NUC
96847,91419,ATP23,68876.0,ATP23 metallopeptidase and ATP synthase assembly factor homolog,Q9Y6H3,"Protein import, sorting and homeostasis > Protein homeostasis > Proteases",13.312,,chr12,True,,NUC
96848,79877,DCAKD,68087.0,dephospho-CoA kinase domain containing,Q8WVC6,0,13.3108,,chr17,True,,NUC
96849,9551,ATP5MF,57423.0,ATP synthase membrane subunit f,P56134,OXPHOS > Complex V > CV subunits | OXPHOS > OXPHOS subunits,13.2425,,chr7,True,Mitochondrion,NUC
96850,81855,SFXN3,94280.0,sideroflexin 3,Q9BWM7,Metabolism > Amino acid metabolism > Serine metabolism | Metabolism > Vitamin metabolism > Folate and 1-C metabolism | Small molecule transport > Sideroflexins,13.201,,chr10,True,Mitochondrion membrane,NUC
96851,10157,AASS,30956.0,aminoadipate-semialdehyde synthase,Q9UDR5,Metabolism > Amino acid metabolism > Lysine metabolism,13.1893,3.0,chr7,True,Mitochondrion,NUC
96852,56616,DIABLO,66593.0,diablo IAP-binding mitochondrial protein,Q9NR28,Mitochondrial dynamics and surveillance > Apoptosis,13.1755,1.0,chr12,True,Mitochondrion,NUC
96853,341947,COX8C,75483.0,cytochrome c oxidase subunit 8C,Q7Z4L0,OXPHOS > Complex IV > CIV subunits | OXPHOS > OXPHOS subunits,13.1755,1.0,chr14,True,Mitochondrion inner membrane,MIM
96854,5827,PXMP2,19301.0,peroxisomal membrane protein 2,Q9NR77,0,13.1014,2.0,chr12,True,Peroxisome membrane,NUC
96855,64902,AGXT2,268782.0,alanine--glyoxylate aminotransferase 2,Q9BYV1,Metabolism > Amino acid metabolism > Glyoxylate metabolism,13.0867,4.0,chr5,True,Mitochondrion,NUC
96856,27165,GLS2,216456.0,glutaminase 2,Q9UI32,Metabolism > Amino acid metabolism > Glutamate metabolism,13.0829,3.0,chr12,True,Mitochondrion,NUC
96857,79135,APOO,68316.0,apolipoprotein O,Q9BUR5,Mitochondrial dynamics and surveillance > Cristae formation > MICOS complex,13.0784,4.0,chrX,True,Mitochondrion inner membrane,MIM
96858,84129,ACAD11,102632.0,acyl-CoA dehydrogenase family member 11,Q709F0,Metabolism > Lipid metabolism > Fatty acid oxidation,13.0669,,chr3,True,Peroxisome,NUC
96859,401207,C5orf63,77422.0,chromosome 5 open reading frame 63,A6NC05,0,13.0459,1.0,chr5,True,,NUC
96860,112817,HOGA1,67432.0,4-hydroxy-2-oxoglutarate aldolase 1,Q86XE5,Metabolism > Amino acid metabolism > Glyoxylate metabolism,13.0192,2.0,chr10,True,Mitochondrion,NUC
96861,54902,TTC19,72795.0,tetratricopeptide repeat domain 19,Q6DKK2,OXPHOS > Complex III > CIII assembly factors | OXPHOS > OXPHOS assembly factors,13.0076,1.0,chr17,True,Mitochondrion inner membrane,MIM
96862,51335,NGRN,83485.0,"neugrin, neurite outgrowth associated",Q9NPE2,Mitochondrial central dogma > mtRNA metabolism > mt-rRNA modifications | Mitochondrial central dogma > Translation > Mitochondrial ribosome assembly,12.9259,5.0,chr15,True,Nucleus,NUC
96863,285343,TCAIM,382117.0,"T cell activation inhibitor, mitochondrial",Q8N3R3,0,12.9201,3.0,chr3,True,Mitochondrion,NUC
96864,2653,GCSH,68133.0,glycine cleavage system protein H,P23434,Metabolism > Lipid metabolism > Lipoate insertion | Metabolism > Amino acid metabolism > Glycine metabolism | Metabolism > Amino acid metabolism > Glycine cleavage system,12.8668,2.0,chr16,True,Mitochondrion,NUC
96865,23408,SIRT5,68346.0,sirtuin 5,Q9NXA8,Metabolism > Metals and cofactors > NAD biosynthesis and metabolism,12.8138,4.0,chr6,True,Mitochondrion matrix,NUC
96866,84706,GPT2,108682.0,glutamic--pyruvic transaminase 2,Q8TD30,Metabolism > Amino acid metabolism > Glutamate metabolism,12.7592,2.0,chr16,True,,NUC
96867,100188893,TOMM6,66119.0,translocase of outer mitochondrial membrane 6,Q96B49,"Protein import, sorting and homeostasis > Protein import and sorting > TOM",12.7538,,chr6,True,Mitochondrion outer membrane,NUC
96868,26355,FAM162A,70186.0,family with sequence similarity 162 member A,Q96A26,0,12.731,3.0,chr3,True,Mitochondrion membrane,NUC
96869,10058,ABCB6,74104.0,ATP binding cassette subfamily B member 6 (Langereis blood group),Q9NP58,Metabolism > Metals and cofactors > Heme synthesis and processing | Small molecule transport > ABC transporters,12.7169,,chr2,True,Cell membrane,NUC
96870,28992,MACROD1,107227.0,mono-ADP ribosylhydrolase 1,Q9BQ69,Signaling,12.6904,1.0,chr11,True,Nucleus,NUC
96871,7263,TST,22117.0,thiosulfate sulfurtransferase,Q16762,Metabolism > Detoxification > Xenobiotic metabolism | Metabolism > Sulfur metabolism,12.6585,,chr22,True,Mitochondrion,NUC
96872,4512,MT-CO1,17708.0,cytochrome c oxidase subunit I,P00395,OXPHOS > Complex IV > CIV subunits | Metabolism > Metals and cofactors > Heme-containing proteins | OXPHOS > OXPHOS subunits,12.6275,,chrM,True,Mitochondrion inner membrane,MIM
96873,56181,MTFR1L,76824.0,mitochondrial fission regulator 1 like,Q9H019,0,12.5802,,chr1,True,Mitochondrion outer membrane,NUC
96874,56948,SDR39U1,654795.0,short chain dehydrogenase/reductase family 39U member 1,Q9NRG7,0,12.5742,4.0,chr14,True,,NUC
96875,29958,DMGDH,74129.0,dimethylglycine dehydrogenase,Q9UI17,Metabolism > Amino acid metabolism > Glycine metabolism | Metabolism > Vitamin metabolism > Choline and betaine metabolism | Metabolism > Vitamin metabolism > Folate and 1-C metabolism,12.558,2.0,chr5,True,Mitochondrion,NUC
96876,9016,SLC25A14,20523.0,solute carrier family 25 member 14,O95258,Metabolism > Sulfur metabolism | Small molecule transport > SLC25A family,12.5484,,chrX,True,Mitochondrion inner membrane,MIM
96877,10650,PRELID3A,225655.0,PRELI domain containing 3A,Q96N28,Metabolism > Lipid metabolism > Cardiolipin synthesis | Metabolism > Lipid metabolism > Phospholipid metabolism,12.5484,,chr18,True,Mitochondrion,NUC
96878,84269,CHCHD5,66170.0,coiled-coil-helix-coiled-coil-helix domain containing 5,Q9BSY4,0,12.309,,chr2,True,Mitochondrion intermembrane space,NUC
96879,9868,TOMM70,28185.0,translocase of outer mitochondrial membrane 70,O94826,"Protein import, sorting and homeostasis > Protein import and sorting > TOM",12.3028,,chr3,True,Mitochondrion outer membrane,NUC
96880,4817,NIT1,27045.0,nitrilase 1,Q86X76,Metabolism > Detoxification > ROS and glutathione metabolism,12.2585,3.0,chr1,True,Mitochondrion,NUC
96881,81889,FAHD1,68636.0,fumarylacetoacetate hydrolase domain containing 1,Q6P587,Metabolism > Carbohydrate metabolism > TCA-associated,12.2255,5.0,chr16,True,Mitochondrion,NUC
96882,90550,MCU,215999.0,mitochondrial calcium uniporter,Q8NE86,Signaling > Calcium homeostasis > Calcium cycle | Small molecule transport > Calcium uniporter,12.1476,4.0,chr10,True,Mitochondrion inner membrane,MIM
96883,1593,CYP27A1,104086.0,cytochrome P450 family 27 subfamily A member 1,Q02318,"Metabolism > Lipid metabolism > Cholesterol, bile acid, steroid synthesis | Metabolism > Metals and cofactors > Heme-containing proteins",12.0912,1.0,chr2,True,Mitochondrion inner membrane,MIM
96884,4536,MT-ND2,17717.0,MTND2,P03891,OXPHOS > Complex I > CI subunits | OXPHOS > OXPHOS subunits,12.0861,,chrM,True,Mitochondrion inner membrane,MIM
96885,4538,MT-ND4,17719.0,"NADH dehydrogenase, subunit 4 (complex I)",P03905,OXPHOS > Complex I > CI subunits | OXPHOS > OXPHOS subunits,12.0861,,chrM,True,Mitochondrion inner membrane,MIM
96886,4540,MT-ND5,17721.0,"NADH dehydrogenase, subunit 5 (complex I)",P03915,OXPHOS > Complex I > CI subunits | OXPHOS > OXPHOS subunits,12.0861,,chrM,True,Mitochondrion inner membrane,MIM
96888,79675,FASTKD1,320720.0,FAST kinase domains 1,Q53R41,Mitochondrial central dogma > mtRNA metabolism > mtRNA granules | Mitochondrial central dogma > mtRNA metabolism > Polycistronic mtRNA processing | Mitochondrial central dogma > mtRNA metabolism > mtRNA stability and decay,12.021,5.0,chr2,True,Mitochondrion,NUC
96889,10240,MRPS31,57312.0,mitochondrial ribosomal protein S31,Q92665,Mitochondrial central dogma > Translation > Mitochondrial ribosome,11.9827,2.0,chr13,True,Mitochondrion,NUC
96890,10840,ALDH1L1,107747.0,aldehyde dehydrogenase 1 family member L1,O75891,Metabolism > Vitamin metabolism > Folate and 1-C metabolism,11.9576,,chr3,True,"Cytoplasm, cytosol",NUC
96891,26024,PTCD1,71799.0,pentatricopeptide repeat domain 1,O75127,Mitochondrial central dogma > mtRNA metabolism > mtRNA granules,11.8591,1.0,chr7,True,Mitochondrion,NUC
96892,3032,HADHB,231086.0,hydroxyacyl-CoA dehydrogenase trifunctional multienzyme complex subunit beta,P55084,Metabolism > Carbohydrate metabolism > Ketone metabolism | Metabolism > Lipid metabolism > Fatty acid oxidation | Metabolism > Amino acid metabolism > Lysine metabolism,11.8128,3.0,chr2,True,Mitochondrion,NUC
96893,54802,TRIT1,66966.0,tRNA isopentenyltransferase 1,Q9H3H1,Mitochondrial central dogma > mtRNA metabolism > mt-tRNA modifications | Mitochondrial central dogma > mtRNA metabolism > mt-rRNA modifications,11.7935,3.0,chr1,True,Mitochondrion,NUC
96894,54675,CRLS1,66586.0,cardiolipin synthase 1,Q9UJA2,Metabolism > Lipid metabolism > Cardiolipin synthesis,11.7412,2.0,chr20,True,Mitochondrion inner membrane,MIM
96895,132158,GLYCTK,235582.0,glycerate kinase,Q8IVS8,Metabolism > Carbohydrate metabolism,11.7394,1.0,chr3,True,Mitochondrion matrix,NUC
96896,81034,SLC25A32,69906.0,solute carrier family 25 member 32,Q9H2D1,Metabolism > Vitamin metabolism > Vitamin B2 metabolism | Metabolism > Vitamin metabolism > Folate and 1-C metabolism | Small molecule transport > SLC25A family,11.7161,3.0,chr8,True,Mitochondrion inner membrane,MIM
96897,57505,AARS2,224805.0,"alanyl-tRNA synthetase 2, mitochondrial",Q5JTZ9,Mitochondrial central dogma > Translation > mt-tRNA synthetases,11.6455,1.0,chr6,True,Mitochondrion,NUC
96898,9941,EXOG,208194.0,exo/endonuclease G,Q9Y2C4,Mitochondrial central dogma > mtDNA maintenance > mtDNA replication | Mitochondrial central dogma > mtDNA maintenance > mtDNA repair | Mitochondrial central dogma > mtDNA maintenance > mtDNA stability and decay,11.6272,2.0,chr3,True,Mitochondrion inner membrane,MIM
96899,51142,CHCHD2,14004.0,coiled-coil-helix-coiled-coil-helix domain containing 2,Q9Y6H1,Mitochondrial dynamics and surveillance > Apoptosis,11.6049,2.0,chr7,True,Nucleus,NUC
96900,8564,KMO,98256.0,kynurenine 3-monooxygenase,O15229,Metabolism > Amino acid metabolism > Kynurenine metabolism | Metabolism > Metals and cofactors > NAD biosynthesis and metabolism,11.6003,,chr1,True,Mitochondrion outer membrane,NUC
96901,94097,SFXN5,94282.0,sideroflexin 5,Q8TD22,Metabolism > Carbohydrate metabolism > TCA-associated | Small molecule transport > Sideroflexins,11.5852,,chr2,True,Mitochondrion inner membrane,MIM
96902,60528,ELAC2,68626.0,elaC ribonuclease Z 2,Q9BQ52,Mitochondrial central dogma > mtRNA metabolism > Polycistronic mtRNA processing,11.57,2.0,chr17,True,Mitochondrion,NUC
96903,2876,GPX1,14775.0,glutathione peroxidase 1,P07203,Metabolism > Detoxification > ROS and glutathione metabolism | Metabolism > Detoxification > Selenoproteins,11.5396,3.0,chr3,True,Cytoplasm,NUC
96904,1375,CPT1B,12895.0,carnitine palmitoyltransferase 1B,Q92523,Metabolism > Lipid metabolism > Fatty acid oxidation | Metabolism > Metals and cofactors > Carnitine synthesis and transport | Metabolism > Metals and cofactors > Carnitine shuttle,11.4641,,chr22,True,Mitochondrion outer membrane,NUC
96905,51024,FIS1,66437.0,"fission, mitochondrial 1",Q9Y3D6,Mitochondrial dynamics and surveillance > Fission,11.3989,,chr7,True,Mitochondrion outer membrane,NUC
96906,27166,PRELID1,66494.0,PRELI domain containing 1,Q9Y255,Metabolism > Lipid metabolism > Cardiolipin synthesis | Metabolism > Lipid metabolism > Phospholipid metabolism,11.381,3.0,chr5,True,Mitochondrion,NUC
96907,7352,UCP3,22229.0,uncoupling protein 3,P55916,Small molecule transport > SLC25A family,11.3472,,chr11,True,Mitochondrion inner membrane,MIM
96908,9481,SLC25A27,74011.0,solute carrier family 25 member 27,O95847,Small molecule transport > SLC25A family,11.3472,,chr6,True,Mitochondrion inner membrane,MIM
96909,55972,SLC25A40,319653.0,solute carrier family 25 member 40,Q8TBP6,Small molecule transport > SLC25A family,11.3472,,chr7,True,Mitochondrion inner membrane,MIM
96910,79085,SLC25A23,66972.0,solute carrier family 25 member 23,Q9BV35,Metabolism > Nucleotide metabolism > Nucleotide import | Signaling > Calcium homeostasis > EF hand proteins | Small molecule transport > SLC25A family,11.3472,,chr19,True,Mitochondrion inner membrane,MIM
96911,51409,HEMK1,69536.0,HemK methyltransferase family member 1,Q9Y5R4,Mitochondrial central dogma > Translation > Translation factors,11.3146,2.0,chr3,True,Mitochondrion,NUC
96912,55186,SLC25A36,192287.0,solute carrier family 25 member 36,Q96CQ1,Metabolism > Nucleotide metabolism > Nucleotide import | Small molecule transport > SLC25A family,11.232,,chr3,True,Mitochondrion inner membrane,MIM
96913,115209,OMA1,67013.0,OMA1 zinc metallopeptidase,Q96E52,"Protein import, sorting and homeostasis > Protein homeostasis > Proteases | Mitochondrial dynamics and surveillance > Fusion | Mitochondrial dynamics and surveillance > Fission",11.2236,1.0,chr1,True,Mitochondrion inner membrane,MIM
96914,137994,LETM2,270035.0,leucine zipper and EF-hand containing transmembrane protein 2,Q2VYF4,0,11.1783,2.0,chr8,True,Mitochondrion inner membrane,MIM
96915,115817,DHRS1,52585.0,dehydrogenase/reductase 1,Q96LJ7,"Metabolism > Lipid metabolism > Cholesterol, bile acid, steroid synthesis",11.1569,5.0,chr14,True,Endoplasmic reticulum,NUC
96916,2040,STOM,13830.0,stomatin,P27105,0,11.0325,,chr9,True,Cell membrane,NUC
96917,29081,METTL5,75422.0,methyltransferase like 5,Q9NRN9,Mitochondrial central dogma > mtRNA metabolism > mt-rRNA modifications,10.934,,chr2,True,Nucleus,NUC
96918,4482,MSRA,110265.0,methionine sulfoxide reductase A,Q9UJ68,Metabolism > Detoxification > ROS and glutathione metabolism | Metabolism > Sulfur metabolism,10.9177,5.0,chr8,True,Mitochondrion,NUC
96919,254552,NUDT8,66387.0,nudix hydrolase 8,Q8WV74,Metabolism > Metals and cofactors > Coenzyme A metabolism,10.9177,5.0,chr11,True,Mitochondrion,NUC
96920,349565,NMNAT3,74080.0,nicotinamide nucleotide adenylyltransferase 3,Q96T66,Metabolism > Metals and cofactors > NAD biosynthesis and metabolism,10.9177,5.0,chr3,True,Mitochondrion,NUC
96921,54977,SLC25A38,208638.0,solute carrier family 25 member 38,Q96DW6,Metabolism > Amino acid metabolism > Glycine metabolism | Metabolism > Metals and cofactors > Heme synthesis and processing | Metabolism > Vitamin metabolism > Folate and 1-C metabolism | Small molecule transport > SLC25A family,10.897,,chr3,True,Mitochondrion inner membrane,MIM
96922,84769,MPV17L2,234384.0,MPV17 mitochondrial inner membrane protein like 2,Q567V2,Mitochondrial central dogma > Translation > Mitochondrial ribosome assembly,10.8917,3.0,chr19,True,Membrane,NUC
96923,47,ACLY,104112.0,ATP citrate lyase,P53396,Metabolism > Carbohydrate metabolism > TCA-associated,10.8771,,chr17,True,"Cytoplasm, cytosol",NUC
96924,225,ABCD2,26874.0,ATP binding cassette subfamily D member 2,Q9UBJ2,Small molecule transport > ABC transporters,10.8757,3.0,chr12,True,Peroxisome membrane,NUC
96925,80308,FLAD1,319945.0,flavin adenine dinucleotide synthetase 1,Q8NFF5,Metabolism > Vitamin metabolism > Vitamin B2 metabolism,10.8723,2.0,chr1,True,Nucleus,NUC
97009,51651,PTRH2,217057.0,peptidyl-tRNA hydrolase 2,Q9Y3E5,0,8.5962,,chr17,True,Mitochondrion outer membrane,NUC
96926,51601,LIPT1,623661.0,lipoyltransferase 1,Q9Y234,Metabolism > Lipid metabolism > Lipoate insertion,10.853,,chr2,True,Mitochondrion,NUC
96927,80017,DGLUCY,217830.0,D-glutamate cyclase,Q7Z3D6,Metabolism > Amino acid metabolism,10.8,2.0,chr14,True,Mitochondrion matrix,NUC
96928,5106,PCK2,74551.0,"phosphoenolpyruvate carboxykinase 2, mitochondrial",Q16822,Metabolism > Carbohydrate metabolism > Gluconeogenesis | Metabolism > Carbohydrate metabolism > TCA-associated,10.7634,3.0,chr14,True,Mitochondrion,NUC
96929,133686,NADK2,68646.0,"NAD kinase 2, mitochondrial",Q4G0N4,Metabolism > Metals and cofactors > NAD biosynthesis and metabolism,10.7634,3.0,chr5,True,Mitochondrion,NUC
96930,4357,MPST,246221.0,mercaptopyruvate sulfurtransferase,P25325,Metabolism > Detoxification > Xenobiotic metabolism | Metabolism > Sulfur metabolism,10.759,4.0,chr22,True,Cytoplasm,NUC
96931,25961,NUDT13,67725.0,nudix hydrolase 13,Q86X67,Metabolism > Metals and cofactors > NAD biosynthesis and metabolism,10.7449,3.0,chr10,True,Mitochondrion,NUC
96932,31,ACACA,107476.0,acetyl-CoA carboxylase alpha,Q13085,Metabolism > Lipid metabolism > Type II fatty acid synthesis | Metabolism > Vitamin metabolism > Biotin utilizing proteins,10.6893,2.0,chr17,True,"Cytoplasm, cytosol",NUC
96933,18,ABAT,268860.0,4-aminobutyrate aminotransferase,P80404,Metabolism > Amino acid metabolism > GABA metabolism | Metabolism > Metals and cofactors > Fe-S-containing proteins,10.6859,2.0,chr16,True,Mitochondrion matrix,NUC
96934,3158,HMGCS2,15360.0,3-hydroxy-3-methylglutaryl-CoA synthase 2,P54868,Metabolism > Carbohydrate metabolism > Ketone metabolism,10.6859,2.0,chr1,True,Mitochondrion,NUC
96935,7915,ALDH5A1,214579.0,aldehyde dehydrogenase 5 family member A1,P51649,Metabolism > Amino acid metabolism > GABA metabolism,10.6859,2.0,chr6,True,Mitochondrion,NUC
96936,548596,CKMT1A,12716.0,"creatine kinase, mitochondrial 1A",0,Metabolism > Nucleotide metabolism > Creatine metabolism,10.6859,2.0,chr15,True,,NUC
96937,23761,PISD,320951.0,phosphatidylserine decarboxylase,Q9UG56,Metabolism > Lipid metabolism > Phospholipid metabolism,10.6567,4.0,chr22,True,Mitochondrion inner membrane,MIM
96938,4710,NDUFB4,68194.0,NADH:ubiquinone oxidoreductase subunit B4,O95168,OXPHOS > Complex I > CI subunits | OXPHOS > OXPHOS subunits,10.644,,chr3,True,Mitochondrion inner membrane,MIM
96939,10975,UQCR11,66594.0,"ubiquinol-cytochrome c reductase, complex III subunit XI",O14957,OXPHOS > Complex III > CIII subunits | OXPHOS > OXPHOS subunits,10.644,,chr19,True,Mitochondrion inner membrane,MIM
96940,84908,FAM136A,66488.0,family with sequence similarity 136 member A,Q96C01,0,10.644,,chr2,True,Mitochondrion intermembrane space,NUC
96941,401505,TOMM5,68512.0,translocase of outer mitochondrial membrane 5,Q8N4H5,"Protein import, sorting and homeostasis > Protein import and sorting > TOM",10.644,,chr9,True,Mitochondrion outer membrane,NUC
96942,27429,HTRA2,64704.0,HtrA serine peptidase 2,O43464,"Protein import, sorting and homeostasis > Protein homeostasis > Proteases | Mitochondrial dynamics and surveillance > Apoptosis",10.5524,2.0,chr2,True,Mitochondrion intermembrane space,NUC
96943,4694,NDUFA1,54405.0,NADH:ubiquinone oxidoreductase subunit A1,O15239,OXPHOS > Complex I > CI subunits | OXPHOS > OXPHOS subunits,10.5143,,chrX,True,Mitochondrion inner membrane,MIM
96944,4519,MT-CYB,17711.0,cytochrome b,P00156,OXPHOS > Complex III > CIII subunits | Metabolism > Metals and cofactors > Heme-containing proteins | Metabolism > Electron carriers > Cytochromes | OXPHOS > OXPHOS subunits,10.4861,,chrM,True,Mitochondrion inner membrane,MIM
96945,2987,GUK1,14923.0,guanylate kinase 1,Q16774,Metabolism > Nucleotide metabolism > Nucleotide synthesis and processing,10.4839,3.0,chr1,True,Photoreceptor inner segment,NUC
96946,728294,D2HGDH,98314.0,D-2-hydroxyglutarate dehydrogenase,Q8N465,Metabolism > Carbohydrate metabolism > TCA-associated,10.4683,2.0,chr2,True,Mitochondrion,NUC
96947,80207,OPA3,403187.0,outer mitochondrial membrane lipid metabolism regulator OPA3,Q9H6K4,0,10.4178,3.0,chr19,True,Mitochondrion,NUC
96948,57016,AKR1B10,67861.0,aldo-keto reductase family 1 member B10,O60218,Metabolism > Vitamin metabolism > Vitamin A metabolism | Metabolism > Detoxification > Xenobiotic metabolism,10.4124,,chr7,True,Lysosome,NUC
96949,5264,PHYH,16922.0,phytanoyl-CoA 2-hydroxylase,O14832,Metabolism > Lipid metabolism,10.361,2.0,chr10,True,Peroxisome,NUC
96950,91942,NDUFAF2,75597.0,NADH:ubiquinone oxidoreductase complex assembly factor 2,Q8N183,OXPHOS > Complex I > CI assembly factors | OXPHOS > OXPHOS assembly factors,10.2921,,chr5,True,Mitochondrion,NUC
96951,51295,ECSIT,26940.0,ECSIT signaling integrator,Q9BQ95,OXPHOS > Complex I > CI assembly factors | OXPHOS > OXPHOS assembly factors,10.2795,3.0,chr19,True,Cytoplasm,NUC
96952,55486,PARL,381038.0,presenilin associated rhomboid like,Q9H300,"Protein import, sorting and homeostasis > Protein homeostasis > Proteases | Mitochondrial dynamics and surveillance > Mitophagy | Mitochondrial dynamics and surveillance > Autophagy",10.2511,5.0,chr3,True,Mitochondrion inner membrane,MIM
96953,28977,MRPL42,67270.0,mitochondrial ribosomal protein L42,Q9Y6G3,Mitochondrial central dogma > Translation > Mitochondrial ribosome,10.2285,5.0,chr12,True,Mitochondrion,NUC
96954,3338,DNAJC4,57431.0,DnaJ heat shock protein family (Hsp40) member C4,Q9NNZ3,"Protein import, sorting and homeostasis > Protein homeostasis",10.2268,1.0,chr11,True,Membrane,NUC
96955,51025,PAM16,66449.0,presequence translocase associated motor 16,Q9Y3D7,"Protein import, sorting and homeostasis > Protein import and sorting > Import motor",10.1208,4.0,chr16,True,Mitochondrion inner membrane,MIM
96956,224,ALDH3A2,11671.0,aldehyde dehydrogenase 3 family member A2,P51648,Metabolism > Detoxification > ROS and glutathione metabolism,10.116,1.0,chr17,True,Microsome membrane,NUC
96957,23305,ACSL6,216739.0,acyl-CoA synthetase long chain family member 6,Q9UKU0,Metabolism > Lipid metabolism > Fatty acid oxidation,10.0693,,chr5,True,Mitochondrion outer membrane,NUC
96958,57380,MRS2,380836.0,magnesium transporter MRS2,Q9HD23,Small molecule transport | Signaling,9.987,3.0,chr6,True,Mitochondrion inner membrane,MIM
96959,55347,ABHD10,213012.0,"abhydrolase domain containing 10, depalmitoylase",Q9NUJ1,Metabolism > Detoxification > Xenobiotic metabolism,9.9467,4.0,chr3,True,Mitochondrion,NUC
96960,135114,HINT3,66847.0,histidine triad nucleotide binding protein 3,Q9NQE9,0,9.9139,,chr6,True,Cytoplasm,NUC
96961,11264,PXMP4,59038.0,peroxisomal membrane protein 4,Q9Y6I8,0,9.874,2.0,chr20,True,Peroxisome membrane,NUC
96962,64172,OSGEPL1,72085.0,O-sialoglycoprotein endopeptidase like 1,Q9H4B0,Mitochondrial central dogma > mtRNA metabolism > mt-tRNA modifications,9.8639,3.0,chr2,True,Mitochondrion,NUC
96963,318,NUDT2,66401.0,nudix hydrolase 2,P50583,Metabolism > Nucleotide metabolism > Nucleotide synthesis and processing,9.8196,,chr9,True,,NUC
96964,80777,CYB5B,66427.0,cytochrome b5 type B,O43169,Metabolism > Metals and cofactors > Heme-containing proteins | Metabolism > Detoxification > Xenobiotic metabolism | Metabolism > Detoxification > Amidoxime reducing complex | Metabolism > Electron carriers > Cytochromes,9.8196,,chr16,True,Mitochondrion outer membrane,NUC
96965,2926,GRSF1,231413.0,G-rich RNA sequence binding factor 1,Q12849,Mitochondrial central dogma > mtRNA metabolism > mtRNA granules | Mitochondrial central dogma > mtRNA metabolism > Polycistronic mtRNA processing | Mitochondrial central dogma > mtRNA metabolism > mtRNA stability and decay | Mitochondrial central dogma > Translation > Mitochondrial ribosome assembly,9.8097,4.0,chr4,True,Mitochondrion matrix,NUC
97137,3945,LDHB,16832.0,lactate dehydrogenase B,P07195,Metabolism > Amino acid metabolism > Glyoxylate metabolism,5.2343,,chr12,True,Cytoplasm,NUC
96966,28973,MRPS18B,66973.0,mitochondrial ribosomal protein S18B,Q9Y676,Mitochondrial central dogma > Translation > Mitochondrial ribosome,9.7734,1.0,chr6,True,Mitochondrion,NUC
96967,84277,DNAJC30,66114.0,DnaJ heat shock protein family (Hsp40) member C30,Q96LL9,0,9.7734,1.0,chr7,True,Mitochondrion inner membrane,MIM
96968,847,CAT,12359.0,catalase,P04040,Metabolism > Detoxification > ROS and glutathione metabolism,9.7644,,chr11,True,Peroxisome matrix,NUC
96969,1716,DGUOK,27369.0,deoxyguanosine kinase,Q16854,Metabolism > Nucleotide metabolism > Nucleotide synthesis and processing,9.7551,2.0,chr2,True,Mitochondrion,NUC
96970,23597,ACOT9,56360.0,acyl-CoA thioesterase 9,Q9Y305,Metabolism > Lipid metabolism,9.7551,2.0,chrX,True,Mitochondrion,NUC
96971,84532,ACSS1,68738.0,acyl-CoA synthetase short chain family member 1,Q9NUB1,Metabolism > Lipid metabolism > Fatty acid oxidation,9.7551,2.0,chr20,True,Mitochondrion matrix,NUC
96972,55312,RFK,54391.0,riboflavin kinase,Q969G6,Metabolism > Vitamin metabolism > Vitamin B2 metabolism,9.7512,3.0,chr9,True,Cytoplasm,NUC
96973,56910,STARD7,99138.0,StAR related lipid transfer domain containing 7,Q9NQZ5,Metabolism > Lipid metabolism > Phospholipid metabolism | Small molecule transport,9.7417,2.0,chr2,True,Mitochondrion outer membrane,NUC
96974,56994,CHPT1,212862.0,choline phosphotransferase 1,Q8WUD6,Metabolism > Lipid metabolism > Phospholipid metabolism,9.7365,3.0,chr12,True,Golgi apparatus membrane,NUC
96975,4509,MT-ATP8,17706.0,ATP synthase F0 subunit 8,P03928,OXPHOS > Complex V > CV subunits | OXPHOS > OXPHOS subunits,9.7131,,chrM,True,Mitochondrion membrane,NUC
96976,51300,TIMMDC1,76916.0,translocase of inner mitochondrial membrane domain containing 1,Q9NPL8,OXPHOS > Complex I > CI assembly factors | OXPHOS > OXPHOS assembly factors,9.7131,,chr3,True,Mitochondrion membrane,NUC
96977,219938,SPATA19,75469.0,spermatogenesis associated 19,Q7Z5L4,0,9.7131,,chr11,True,Mitochondrion outer membrane,NUC
96978,10553,HTATIP2,53415.0,HIV-1 Tat interactive protein 2,Q9BUP3,0,9.6805,,chr11,True,Cytoplasm,NUC
96979,8574,AKR7A2,110198.0,aldo-keto reductase family 7 member A2,O43488,Metabolism > Amino acid metabolism > GABA metabolism | Metabolism > Detoxification > Xenobiotic metabolism,9.6694,2.0,chr1,True,Mitochondrion,NUC
96980,1854,DUT,110074.0,deoxyuridine triphosphatase,P33316,Metabolism > Nucleotide metabolism > Nucleotide synthesis and processing,9.607,3.0,chr15,True,Nucleus,NUC
96981,4514,MT-CO3,17710.0,cytochrome c oxidase III,P00414,OXPHOS > Complex IV > CIV subunits | OXPHOS > OXPHOS subunits,9.5597,,chrM,True,Mitochondrion inner membrane,MIM
96982,25979,DHRS7B,216820.0,dehydrogenase/reductase 7B,Q6IAN0,0,9.5343,,chr17,True,Peroxisome membrane,NUC
96983,9617,MTRF1,211253.0,mitochondrial translation release factor 1,O75570,Mitochondrial central dogma > Translation > Translation factors,9.5152,3.0,chr13,True,Mitochondrion,NUC
96984,55260,TMEM143,70209.0,transmembrane protein 143,Q96AN5,0,9.5086,2.0,chr19,True,Membrane,NUC
96985,56953,NT5M,103850.0,"5',3'-nucleotidase, mitochondrial",Q9NPB1,Metabolism > Nucleotide metabolism > Nucleotide synthesis and processing,9.4427,2.0,chr17,True,Mitochondrion,NUC
96986,55288,RHOT1,59040.0,ras homolog family member T1,Q8IXI2,Signaling > Calcium homeostasis > EF hand proteins | Mitochondrial dynamics and surveillance > Trafficking,9.3784,,chr17,True,Mitochondrion outer membrane,NUC
96987,4833,NME4,56520.0,NME/NM23 nucleoside diphosphate kinase 4,O00746,Metabolism > Nucleotide metabolism > Nucleotide synthesis and processing,9.3094,2.0,chr16,True,Mitochondrion intermembrane space,NUC
96988,10588,MTHFS,100039707.0,methenyltetrahydrofolate synthetase,P49914,Metabolism > Vitamin metabolism > Folate and 1-C metabolism,9.3094,2.0,chr15,True,Cytoplasm,NUC
96989,90580,TIMM29,69773.0,translocase of inner mitochondrial membrane 29,Q9BSF4,"Protein import, sorting and homeostasis > Protein import and sorting > TIM22 carrier pathway",9.3093,1.0,chr19,True,Mitochondrion inner membrane,MIM
96990,55163,PNPO,103711.0,pyridoxamine 5'-phosphate oxidase,Q9NVS9,Metabolism > Vitamin metabolism > Vitamin B6 metabolism,9.3059,5.0,chr17,True,,NUC
96991,221154,MICU2,68514.0,mitochondrial calcium uptake 2,Q8IYU8,Signaling > Calcium homeostasis > Calcium cycle | Signaling > Calcium homeostasis > EF hand proteins | Small molecule transport > Calcium uniporter,9.1993,1.0,chr13,True,Mitochondrion intermembrane space,NUC
96992,84105,PCBD2,72562.0,pterin-4 alpha-carbinolamine dehydratase 2,Q9H0N5,Metabolism > Metals and cofactors > Tetrahydrobiopterin synthesis,9.1845,1.0,chr5,True,Nucleus,NUC
96993,55278,QRSL1,76563.0,glutaminyl-tRNA amidotransferase subunit QRSL1,Q9H0R6,Mitochondrial central dogma > Translation > mt-tRNA synthetases,9.164,,chr6,True,Mitochondrion,NUC
96994,57143,ADCK1,72113.0,aarF domain containing kinase 1,Q86TW2,0,9.1463,,chr14,True,Mitochondrion,NUC
96995,9588,PRDX6,11758.0,peroxiredoxin 6,P30041,Metabolism > Lipid metabolism > Phospholipid metabolism | Metabolism > Detoxification > ROS and glutathione metabolism,9.1304,,chr1,True,Cytoplasm,NUC
96996,8508,NIPSNAP1,18082.0,nipsnap homolog 1,Q9BPW8,Mitochondrial dynamics and surveillance > Mitophagy | Mitochondrial dynamics and surveillance > Autophagy,9.1051,2.0,chr22,True,Mitochondrion matrix,NUC
96997,2617,GARS1,353172.0,glycyl-tRNA synthetase 1,P41250,Mitochondrial central dogma > Translation > mt-tRNA synthetases,9.0665,3.0,chr7,True,Cytoplasm,NUC
96998,123876,ACSM2A,233799.0,acyl-CoA synthetase medium chain family member 2A,Q08AH3,Metabolism > Lipid metabolism > Fatty acid oxidation | Metabolism > Detoxification > Xenobiotic metabolism,9.0362,2.0,chr16,True,Mitochondrion,NUC
96999,84275,SLC25A33,70556.0,solute carrier family 25 member 33,Q9BSK2,Metabolism > Nucleotide metabolism > Nucleotide import | Small molecule transport > SLC25A family,9.0313,,chr1,True,Mitochondrion inner membrane,MIM
97000,201229,LYRM9,66274.0,LYR motif containing 9,A8MSI8,0,8.9622,3.0,chr17,True,,NUC
97001,53917,RAB24,19336.0,"RAB24, member RAS oncogene family",Q969Q5,Mitochondrial dynamics and surveillance > Fission | Mitochondrial dynamics and surveillance > Autophagy,8.9534,,chr5,True,"Cytoplasm, cytosol",NUC
97002,25973,PARS2,230577.0,"prolyl-tRNA synthetase 2, mitochondrial",Q7L3T8,Mitochondrial central dogma > Translation > mt-tRNA synthetases,8.9079,3.0,chr1,True,Mitochondrion matrix,NUC
97003,122704,MRPL52,68836.0,mitochondrial ribosomal protein L52,Q86TS9,Mitochondrial central dogma > Translation > Mitochondrial ribosome,8.8594,2.0,chr14,True,Mitochondrion,NUC
97004,80324,PUS1,56361.0,pseudouridine synthase 1,Q9Y606,Mitochondrial central dogma > mtRNA metabolism > mtRNA granules | Mitochondrial central dogma > mtRNA metabolism > mt-tRNA modifications,8.8588,2.0,chr12,True,Mitochondrion,NUC
97005,2806,GOT2,14719.0,glutamic-oxaloacetic transaminase 2,P00505,Metabolism > Carbohydrate metabolism > Malate-aspartate shuttle | Metabolism > Amino acid metabolism > Glutamate metabolism | Metabolism > Amino acid metabolism > Glyoxylate metabolism | Metabolism > Amino acid metabolism > Kynurenine metabolism | Metabolism > Sulfur metabolism,8.8086,3.0,chr16,True,Mitochondrion matrix,NUC
97006,55739,NAXD,69225.0,NAD(P)HX dehydratase,Q8IW45,Metabolism > Metals and cofactors > NAD biosynthesis and metabolism,8.8086,3.0,chr13,True,Mitochondrion,NUC
97007,4537,MT-ND3,17718.0,"NADH dehydrogenase, subunit 3 (complex I)",P03897,OXPHOS > Complex I > CI subunits | OXPHOS > OXPHOS subunits,8.7965,,chrM,True,Mitochondrion inner membrane,MIM
97008,84680,ACCS,329470.0,1-aminocyclopropane-1-carboxylate synthase homolog (inactive),Q96QU6,0,8.696,,chr11,True,,NUC
97010,9489,PGS1,74451.0,phosphatidylglycerophosphate synthase 1,Q32NB8,Metabolism > Lipid metabolism > Cardiolipin synthesis | Metabolism > Lipid metabolism > Phospholipid metabolism,8.591,3.0,chr17,True,Mitochondrion,NUC
97011,55074,OXR1,170719.0,oxidation resistance 1,Q8N573,Metabolism > Detoxification > ROS and glutathione metabolism,8.5766,4.0,chr8,True,Mitochondrion,NUC
97012,127018,LYPLAL1,226791.0,lysophospholipase like 1,Q5VWZ2,Metabolism > Lipid metabolism,8.5583,4.0,chr1,True,"Cytoplasm, cytosol",NUC
97013,54943,DNAJC28,246738.0,DnaJ heat shock protein family (Hsp40) member C28,Q9NX36,0,8.5401,4.0,chr21,True,,NUC
97014,2356,FPGS,14287.0,folylpolyglutamate synthase,Q05932,Metabolism > Vitamin metabolism > Folate and 1-C metabolism,8.3701,2.0,chr9,True,Mitochondrion inner membrane,MIM
97015,374882,TMEM205,235043.0,transmembrane protein 205,Q6UW68,0,8.3641,,chr19,True,Membrane,NUC
97016,401612,SLC25A53,67062.0,solute carrier family 25 member 53,Q5H9E4,Small molecule transport > SLC25A family,8.3463,,chrX,True,Mitochondrion inner membrane,MIM
97017,150209,AIFM3,72168.0,apoptosis inducing factor mitochondria associated 3,Q96NN9,Metabolism > Metals and cofactors > Fe-S-containing proteins | Mitochondrial dynamics and surveillance > Apoptosis,8.3282,,chr22,True,Mitochondrion,NUC
97018,4257,MGST1,56615.0,microsomal glutathione S-transferase 1,P10620,Metabolism > Detoxification > Xenobiotic metabolism | Metabolism > Detoxification > ROS and glutathione metabolism,8.3245,,chr12,True,Endoplasmic reticulum membrane,NUC
97019,51537,MTFP1,67900.0,mitochondrial fission process 1,Q9UDX5,Mitochondrial dynamics and surveillance > Fission,8.2655,,chr22,True,Mitochondrion inner membrane,MIM
97020,51287,COA4,68185.0,cytochrome c oxidase assembly factor 4 homolog,Q9NYJ1,OXPHOS > Complex IV > CIV assembly factors | OXPHOS > OXPHOS assembly factors,8.2222,,chr11,True,Mitochondrion,NUC
97021,60491,NIF3L1,65102.0,NGG1 interacting factor 3 like 1,Q9GZT8,0,8.1782,3.0,chr2,True,Cytoplasm,NUC
97022,126789,PUSL1,433813.0,pseudouridine synthase like 1,Q8N0Z8,Mitochondrial central dogma > Translation,8.1744,5.0,chr1,True,Mitochondrion matrix,NUC
97023,113675,SDSL,257635.0,serine dehydratase like,Q96GA7,Metabolism > Amino acid metabolism > Serine metabolism,8.1111,,chr12,True,,NUC
97024,581,BAX,12028.0,"BCL2 associated X, apoptosis regulator",Q07812,Mitochondrial dynamics and surveillance > Apoptosis,8.0787,,chr19,True,Mitochondrion outer membrane,NUC
97025,57506,MAVS,228607.0,mitochondrial antiviral signaling protein,Q7Z434,Signaling > Immune response,8.0699,,chr20,True,Mitochondrion outer membrane,NUC
97026,64745,METTL17,52535.0,methyltransferase like 17,Q9H7H0,Mitochondrial central dogma > mtRNA metabolism > mt-rRNA modifications | Mitochondrial central dogma > Translation > Mitochondrial ribosome assembly,8.0113,,chr14,True,Mitochondrion matrix,NUC
97027,32,ACACB,100705.0,acetyl-CoA carboxylase beta,O00763,Metabolism > Lipid metabolism > Fatty acid oxidation | Metabolism > Vitamin metabolism > Biotin utilizing proteins,7.9777,,chr12,True,Mitochondrion,NUC
97028,384,ARG2,11847.0,arginase 2,P78540,Metabolism > Amino acid metabolism,7.9705,1.0,chr14,True,Mitochondrion,NUC
97029,55149,MTPAP,67440.0,mitochondrial poly(A) polymerase,Q9NVV4,Mitochondrial central dogma > mtRNA metabolism > mtRNA granules | Mitochondrial central dogma > mtRNA metabolism > mt-rRNA modifications | Mitochondrial central dogma > mtRNA metabolism > mt-mRNA modifications | Mitochondrial central dogma > mtRNA metabolism > mtRNA stability and decay,7.9277,1.0,chr10,True,Cytoplasm,NUC
97030,79714,CCDC51,66658.0,coiled-coil domain containing 51,Q96ER9,Small molecule transport,7.9144,2.0,chr3,True,Mitochondrion inner membrane,MIM
97031,79783,SUGCT,192136.0,succinyl-CoA:glutarate-CoA transferase,Q9HAC7,Metabolism > Amino acid metabolism,7.8716,3.0,chr7,True,Mitochondrion,NUC
97032,10059,DNM1L,74006.0,dynamin 1 like,O00429,Mitochondrial dynamics and surveillance > Fission,7.8545,,chr12,True,"Cytoplasm, cytosol",NUC
97033,4898,NRDC,230598.0,nardilysin convertase,O43847,"Protein import, sorting and homeostasis > Protein homeostasis > Chaperones | Protein import, sorting and homeostasis > Protein import and sorting",7.7642,3.0,chr1,True,Mitochondrion,NUC
97034,55863,TMEM126B,68472.0,transmembrane protein 126B,Q8IUX1,OXPHOS > Complex I > CI assembly factors | OXPHOS > OXPHOS assembly factors,7.761,3.0,chr11,True,Mitochondrion membrane,NUC
97035,387338,NSUN4,72181.0,NOP2/Sun RNA methyltransferase 4,Q96CB9,Mitochondrial central dogma > mtRNA metabolism > mt-rRNA modifications | Mitochondrial central dogma > Translation > Mitochondrial ribosome assembly,7.744,3.0,chr1,True,Mitochondrion,NUC
97036,79611,ACSS3,380660.0,acyl-CoA synthetase short chain family member 3,Q9H6R3,Metabolism > Lipid metabolism,7.6981,4.0,chr12,True,Mitochondrion matrix,NUC
97037,116151,FAM210B,67017.0,family with sequence similarity 210 member B,Q96KR6,Metabolism > Metals and cofactors > Iron homeostasis,7.6889,3.0,chr20,True,Mitochondrion inner membrane,MIM
97038,79863,RBFA,68731.0,ribosome binding factor A,Q8N0V3,Mitochondrial central dogma > Translation > Mitochondrial ribosome assembly,7.663,1.0,chr18,True,Mitochondrion,NUC
97039,254042,METAP1D,66559.0,"methionyl aminopeptidase type 1D, mitochondrial",Q6UB28,"Mitochondrial central dogma > Translation > fMet processing | Protein import, sorting and homeostasis > Protein homeostasis > Proteases",7.6531,2.0,chr2,True,Mitochondrion,NUC
97040,10768,AHCYL1,229709.0,adenosylhomocysteinase like 1,O43865,Mitochondrial dynamics and surveillance > Organelle contact sites,7.642,3.0,chr1,True,Endoplasmic reticulum,NUC
97041,25934,NIPSNAP3A,73398.0,nipsnap homolog 3A,Q9UFN0,0,7.6248,1.0,chr9,True,"Cytoplasm, cytosol",NUC
97042,64757,MTARC1,66112.0,mitochondrial amidoxime reducing component 1,Q5VT66,Metabolism > Metals and cofactors > Molybdenum cofactor synthesis and proteins | Metabolism > Detoxification > Xenobiotic metabolism | Metabolism > Detoxification > Amidoxime reducing complex,7.6214,5.0,chr1,True,Mitochondrion outer membrane,NUC
97043,139341,FUNDC1,72018.0,FUN14 domain containing 1,Q8IVP5,Mitochondrial dynamics and surveillance > Mitophagy | Mitochondrial dynamics and surveillance > Autophagy,7.6199,,chrX,True,Mitochondrion outer membrane,NUC
97044,2180,ACSL1,14081.0,acyl-CoA synthetase long chain family member 1,P33121,Metabolism > Lipid metabolism > Fatty acid oxidation,7.5981,,chr4,True,Mitochondrion outer membrane,NUC
97045,116228,COX20,66359.0,cytochrome c oxidase assembly factor COX20,Q5RI15,OXPHOS > Complex IV > CIV assembly factors | OXPHOS > OXPHOS assembly factors,7.5827,,chr1,True,Mitochondrion inner membrane,MIM
97046,83693,HSDL1,72552.0,hydroxysteroid dehydrogenase like 1,Q3SXM5,0,7.5122,,chr16,True,Mitochondrion,NUC
97047,874,CBR3,109857.0,carbonyl reductase 3,O75828,Metabolism > Detoxification > Xenobiotic metabolism,7.4373,2.0,chr21,True,Cytoplasm,NUC
97048,130916,MTERF4,69821.0,mitochondrial transcription termination factor 4,Q7Z6M4,Mitochondrial central dogma > Translation > Mitochondrial ribosome assembly,7.4107,3.0,chr2,True,Mitochondrion,NUC
97049,390916,NUDT19,110959.0,nudix hydrolase 19,A8MXV4,Metabolism > Metals and cofactors > Coenzyme A metabolism,7.4095,2.0,chr19,True,Peroxisome,NUC
97050,50865,HEBP1,15199.0,heme binding protein 1,Q9NRV9,0,7.3937,,chr12,True,Cytoplasm,NUC
97051,114971,PTPMT1,66461.0,protein tyrosine phosphatase mitochondrial 1,Q8WUK0,Metabolism > Lipid metabolism > Cardiolipin synthesis | Metabolism > Lipid metabolism > Phospholipid metabolism,7.3937,,chr11,True,Mitochondrion inner membrane,MIM
97052,192111,PGAM5,72542.0,"PGAM family member 5, mitochondrial serine/threonine protein phosphatase",Q96HS1,Mitochondrial dynamics and surveillance > Mitophagy | Mitochondrial dynamics and surveillance > Autophagy,7.3937,,chr12,True,Mitochondrion outer membrane,NUC
97053,1841,DTYMK,21915.0,deoxythymidylate kinase,P23919,Metabolism > Nucleotide metabolism > Nucleotide synthesis and processing,7.3701,5.0,chr2,True,,NUC
97054,3735,KARS1,85305.0,lysyl-tRNA synthetase 1,Q15046,Mitochondrial central dogma > Translation > mt-tRNA synthetases,7.3221,2.0,chr16,True,"Cytoplasm, cytosol",NUC
97055,6770,STAR,20845.0,steroidogenic acute regulatory protein,P49675,"Metabolism > Lipid metabolism > Cholesterol, bile acid, steroid synthesis",7.3188,2.0,chr8,True,Mitochondrion outer membrane,NUC
97056,131118,DNAJC19,67713.0,DnaJ heat shock protein family (Hsp40) member C19,Q96DA6,"Protein import, sorting and homeostasis > Protein import and sorting > Import motor",7.311,,chr3,True,Mitochondrion inner membrane,MIM
97057,5009,OTC,18416.0,ornithine carbamoyltransferase,P00480,Metabolism > Amino acid metabolism > Urea cycle,7.1641,2.0,chrX,True,Mitochondrion matrix,NUC
97058,9167,COX7A2L,20463.0,cytochrome c oxidase subunit 7A2 like,O14548,OXPHOS > Complex IV > CIV subunits | OXPHOS > OXPHOS subunits | OXPHOS > OXPHOS assembly factors | OXPHOS > Respirasome assembly,7.1222,,chr2,True,Mitochondrion inner membrane,MIM
97059,51001,MTERF3,66410.0,mitochondrial transcription termination factor 3,Q96E29,Mitochondrial central dogma > Translation > Mitochondrial ribosome assembly,7.1079,2.0,chr8,True,Mitochondrion,NUC
97060,118980,SFXN2,94279.0,sideroflexin 2,Q96NB2,Small molecule transport > Sideroflexins,7.053,,chr10,True,Mitochondrion inner membrane,MIM
97061,2194,FASN,14104.0,fatty acid synthase,P49327,Metabolism > Lipid metabolism,7.0321,,chr17,True,Cytoplasm,NUC
97062,65018,PINK1,68943.0,PTEN induced kinase 1,Q9BXM7,Mitochondrial dynamics and surveillance > Mitophagy | Mitochondrial dynamics and surveillance > Autophagy | Signaling,6.985,1.0,chr1,True,Mitochondrion outer membrane,NUC
97063,80775,TMEM177,66343.0,transmembrane protein 177,Q53S58,OXPHOS > Complex IV > CIV assembly factors | OXPHOS > OXPHOS assembly factors,6.9732,2.0,chr2,True,Mitochondrion inner membrane,MIM
97064,7296,TXNRD1,50493.0,thioredoxin reductase 1,Q16881,Metabolism > Detoxification > ROS and glutathione metabolism | Metabolism > Detoxification > Selenoproteins,6.9481,,chr12,True,Cytoplasm,NUC
97065,79896,THNSL1,208967.0,threonine synthase like 1,Q8IYQ7,0,6.9426,4.0,chr10,True,,NUC
97066,2224,FDPS,110196.0,farnesyl diphosphate synthase,P14324,Metabolism > Lipid metabolism > Cholesterol-associated,6.8633,2.0,chr1,True,Cytoplasm,NUC
97067,3422,IDI1,319554.0,isopentenyl-diphosphate delta isomerase 1,Q13907,Metabolism > Lipid metabolism > Cholesterol-associated,6.8633,2.0,chr10,True,Peroxisome,NUC
97068,7156,TOP3A,21975.0,DNA topoisomerase III alpha,Q13472,Mitochondrial central dogma > mtDNA maintenance > mtDNA replication,6.7725,1.0,chr17,True,Mitochondrion matrix,NUC
97069,94033,FTMT,67634.0,ferritin mitochondrial,Q8N4E7,Metabolism > Metals and cofactors > Iron homeostasis,6.7693,1.0,chr5,True,Mitochondrion,NUC
97070,92483,LDHAL6B,106557.0,lactate dehydrogenase A like 6B,Q9BYZ2,Metabolism > Carbohydrate metabolism,6.7613,3.0,chr15,True,,NUC
97071,9650,MTFR1,67472.0,mitochondrial fission regulator 1,Q15390,Mitochondrial dynamics and surveillance > Fission,6.7258,3.0,chr8,True,Mitochondrion,NUC
97072,23786,BCL2L13,94044.0,BCL2 like 13,Q9BXK5,Mitochondrial dynamics and surveillance > Mitophagy | Mitochondrial dynamics and surveillance > Autophagy | Mitochondrial dynamics and surveillance > Apoptosis,6.6819,,chr22,True,Mitochondrion membrane,NUC
97073,54931,TRMT10C,52575.0,"tRNA methyltransferase 10C, mitochondrial RNase P subunit",Q7L0Y3,Mitochondrial central dogma > mtRNA metabolism > mtRNA granules | Mitochondrial central dogma > mtRNA metabolism > Polycistronic mtRNA processing | Mitochondrial central dogma > mtRNA metabolism > mt-tRNA modifications,6.654,1.0,chr3,True,"Mitochondrion matrix, mitochondrion nucleoid",NUC
97074,11332,ACOT7,70025.0,acyl-CoA thioesterase 7,O00154,Metabolism > Lipid metabolism,6.6503,1.0,chr1,True,"Cytoplasm, cytosol",NUC
97075,51106,TFB1M,224481.0,"transcription factor B1, mitochondrial",Q8WVM0,Mitochondrial central dogma > mtRNA metabolism > mtRNA granules | Mitochondrial central dogma > mtRNA metabolism > mt-rRNA modifications | Mitochondrial central dogma > Translation > Mitochondrial ribosome assembly,6.6493,5.0,chr6,True,Mitochondrion,NUC
97076,381,ARF5,11844.0,ADP ribosylation factor 5,P84085,0,6.6427,3.0,chr7,True,Cell membrane,NUC
97077,55013,MCUB,66815.0,mitochondrial calcium uniporter dominant negative subunit beta,Q9NWR8,Signaling > Calcium homeostasis > Calcium cycle | Small molecule transport > Calcium uniporter,6.6374,2.0,chr4,True,Mitochondrion inner membrane,MIM
97078,56652,TWNK,226153.0,twinkle mtDNA helicase,Q96RR1,Mitochondrial central dogma > mtDNA maintenance > mtDNA replication | Mitochondrial central dogma > mtDNA maintenance > mtDNA nucleoid,6.6296,2.0,chr10,True,"Mitochondrion matrix, mitochondrion nucleoid",NUC
97079,27249,MMADHC,109129.0,metabolism of cobalamin associated D,Q9H3L0,Metabolism > Vitamin metabolism > Vitamin B12 metabolism,6.6165,2.0,chr2,True,Cytoplasm,NUC
97080,29920,PYCR2,69051.0,pyrroline-5-carboxylate reductase 2,Q96C36,Metabolism > Amino acid metabolism > Proline metabolism,6.537,5.0,chr1,True,Cytoplasm,NUC
97081,100131187,TSTD1,226654.0,thiosulfate sulfurtransferase like domain containing 1,Q8NFU3,Metabolism > Sulfur metabolism,6.4969,4.0,chr1,True,"Cytoplasm, perinuclear region",NUC
97082,57149,LYRM1,73919.0,LYR motif containing 1,O43325,0,6.4202,5.0,chr16,True,Nucleus,NUC
97083,114876,OSBPL1A,64291.0,oxysterol binding protein like 1A,Q9BXW6,"Metabolism > Lipid metabolism > Cholesterol, bile acid, steroid synthesis | Metabolism > Lipid metabolism > Phospholipid metabolism",6.4032,,chr18,True,Late endosome,NUC
97084,9401,RECQL4,79456.0,RecQ like helicase 4,O94761,Mitochondrial central dogma > mtDNA maintenance > mtDNA repair,6.4021,2.0,chr8,True,Cytoplasm,NUC
97085,100131801,PET100,100503890.0,PET100 cytochrome c oxidase chaperone,P0DJ07,OXPHOS > Complex IV > CIV assembly factors | OXPHOS > OXPHOS assembly factors,6.3815,,chr19,True,Membrane,NUC
97086,54332,GDAP1,14545.0,ganglioside induced differentiation associated protein 1,Q8TB36,0,6.3802,,chr8,True,Mitochondrion outer membrane,NUC
97087,219402,MTIF3,76366.0,mitochondrial translational initiation factor 3,Q9H2K0,Mitochondrial central dogma > Translation > Translation factors,6.3646,5.0,chr13,True,Mitochondrion,NUC
97088,7374,UNG,22256.0,uracil DNA glycosylase,P13051,Mitochondrial central dogma > mtDNA maintenance > mtDNA repair,6.3004,3.0,chr12,True,Mitochondrion,NUC
97089,10249,GLYAT,107146.0,glycine-N-acyltransferase,Q6IB77,Metabolism > Amino acid metabolism > Glycine metabolism | Metabolism > Detoxification > Xenobiotic metabolism,6.2978,,chr11,True,Mitochondrion,NUC
97090,79763,ISOC2,664994.0,isochorismatase domain containing 2,Q96AB3,0,6.2195,2.0,chr19,True,Cytoplasm,NUC
97091,516,ATP5MC1,11951.0,ATP synthase membrane subunit c locus 1,P05496,OXPHOS > Complex V > CV subunits | OXPHOS > OXPHOS subunits,6.1649,4.0,chr17,True,Mitochondrion membrane,NUC
97092,5860,QDPR,110391.0,quinoid dihydropteridine reductase,P09417,Metabolism > Metals and cofactors > Tetrahydrobiopterin synthesis | Metabolism > Vitamin metabolism > Folate and 1-C metabolism,6.1455,2.0,chr4,True,,NUC
97093,79934,COQ8B,76889.0,coenzyme Q8B,Q96D53,Metabolism > Metals and cofactors > Coenzyme Q metabolism,6.1454,,chr19,True,Mitochondrion membrane,NUC
97094,85865,GTPBP10,207704.0,GTP binding protein 10,A4D1E9,Mitochondrial central dogma > Translation > Mitochondrial ribosome assembly,6.1454,,chr7,True,"Nucleus, nucleolus",NUC
97095,706,TSPO,12257.0,translocator protein,P30536,"Metabolism > Lipid metabolism > Cholesterol, bile acid, steroid synthesis",6.1239,,chr22,True,Mitochondrion membrane,NUC
97096,2495,FTH1,14319.0,ferritin heavy chain 1,P02794,Metabolism > Metals and cofactors > Iron homeostasis,6.1239,,chr11,True,Cytoplasm,NUC
97097,55621,TRMT1,212528.0,tRNA methyltransferase 1,Q9NXH9,Mitochondrial central dogma > mtRNA metabolism > mt-tRNA modifications,6.1111,1.0,chr19,True,Mitochondrion,NUC
97098,90956,ADCK2,57869.0,aarF domain containing kinase 2,Q7Z695,0,6.1095,2.0,chr7,True,Mitochondrion,NUC
97099,100130890,TSTD3,77032.0,thiosulfate sulfurtransferase like domain containing 3,H0UI37,0,6.0678,,chr6,True,,NUC
97100,92259,MRPS36,66128.0,mitochondrial ribosomal protein S36,P82909,Mitochondrial central dogma > Translation > Mitochondrial ribosome | Metabolism > Carbohydrate metabolism > TCA cycle,6.0327,4.0,chr5,True,Mitochondrion,NUC
97101,57546,PDP2,382051.0,pyruvate dehyrogenase phosphatase catalytic subunit 2,Q9P2J9,Metabolism > Carbohydrate metabolism > Pyruvate metabolism,6.0269,,chr16,True,Mitochondrion,NUC
97102,55326,AGPAT5,52123.0,1-acylglycerol-3-phosphate O-acyltransferase 5,Q9NUQ2,Metabolism > Lipid metabolism > Cardiolipin synthesis | Metabolism > Lipid metabolism > Phospholipid metabolism,5.9986,,chr8,True,Endoplasmic reticulum membrane,NUC
97103,84331,MCRIP2,68241.0,MAPK regulated corepressor interacting protein 2,Q9BUT9,Signaling,5.947,5.0,chr16,True,"Cytoplasm, Stress granule",NUC
97104,7351,UCP2,22228.0,uncoupling protein 2,P55851,Small molecule transport > SLC25A family,5.9313,,chr11,True,Mitochondrion inner membrane,MIM
97105,51312,SLC25A37,67712.0,solute carrier family 25 member 37,Q9NYZ2,Metabolism > Metals and cofactors > Iron homeostasis | Small molecule transport > SLC25A family,5.9313,,chr8,True,Mitochondrion inner membrane,MIM
97106,81894,SLC25A28,246696.0,solute carrier family 25 member 28,Q96A46,Metabolism > Metals and cofactors > Iron homeostasis | Small molecule transport > SLC25A family,5.9313,,chr10,True,Mitochondrion inner membrane,MIM
97107,153328,SLC25A48,328258.0,solute carrier family 25 member 48,Q6ZT89,Small molecule transport > SLC25A family,5.9313,,chr5,True,Mitochondrion membrane,NUC
97108,203427,SLC25A43,194744.0,solute carrier family 25 member 43,Q8WUT9,Small molecule transport > SLC25A family,5.9313,,chrX,True,Mitochondrion inner membrane,MIM
97109,283600,SLC25A47,104910.0,solute carrier family 25 member 47,Q6Q0C1,Small molecule transport > SLC25A family,5.9313,,chr14,True,Mitochondrion inner membrane,MIM
97110,284427,SLC25A41,103775.0,solute carrier family 25 member 41,Q8N5S1,Metabolism > Nucleotide metabolism > Nucleotide import | Small molecule transport > SLC25A family,5.9313,,chr19,True,Mitochondrion inner membrane,MIM
97111,284723,SLC25A34,384071.0,solute carrier family 25 member 34,Q6PIV7,Small molecule transport > SLC25A family,5.9313,,chr1,True,Mitochondrion inner membrane,MIM
97112,2053,EPHX2,13850.0,epoxide hydrolase 2,P34913,Metabolism > Detoxification > Xenobiotic metabolism | Metabolism > Lipid metabolism,5.726,,chr8,True,Cytoplasm,NUC
97113,11164,NUDT5,53893.0,nudix hydrolase 5,Q9UKK9,Metabolism > Nucleotide metabolism > Nucleotide synthesis and processing,5.6919,,chr10,True,Nucleus,NUC
97114,10367,MICU1,216001.0,mitochondrial calcium uptake 1,Q9BPX6,Signaling > Calcium homeostasis > Calcium cycle | Signaling > Calcium homeostasis > EF hand proteins | Small molecule transport > Calcium uniporter,5.6709,3.0,chr10,True,Mitochondrion intermembrane space,NUC
97115,6647,SOD1,20655.0,superoxide dismutase 1,P00441,Metabolism > Detoxification > ROS and glutathione metabolism,5.6562,,chr21,True,Cytoplasm,NUC
97116,253190,SERHL2,68607.0,serine hydrolase like 2,Q9H4I8,0,5.6521,,chr22,True,"Cytoplasm, perinuclear region",NUC
97117,25915,NDUFAF3,66706.0,NADH:ubiquinone oxidoreductase complex assembly factor 3,Q9BU61,OXPHOS > Complex I > CI assembly factors | OXPHOS > OXPHOS assembly factors,5.6344,2.0,chr3,True,Nucleus,NUC
97118,388962,BOLA3,78653.0,bolA family member 3,Q53S33,Metabolism > Metals and cofactors > Fe-S cluster biosynthesis | Metabolism > Metals and cofactors > Fe-S-containing proteins,5.6344,2.0,chr2,True,Mitochondrion,NUC
97119,132299,OCIAD2,433904.0,OCIA domain containing 2,Q56VL3,Signaling,5.6271,5.0,chr4,True,Endosome,NUC
97120,55316,RSAD1,237926.0,radical S-adenosyl methionine domain containing 1,Q9HA92,Metabolism > Metals and cofactors > Fe-S-containing proteins,5.592,2.0,chr17,True,Mitochondrion,NUC
97121,84303,CHCHD6,66098.0,coiled-coil-helix-coiled-coil-helix domain containing 6,Q9BRQ6,Mitochondrial dynamics and surveillance > Cristae formation > MICOS complex,5.553,,chr3,True,Mitochondrion inner membrane,MIM
97122,22868,FASTKD2,75619.0,FAST kinase domains 2,Q9NYY8,Mitochondrial central dogma > mtRNA metabolism > mtRNA granules | Mitochondrial central dogma > mtRNA metabolism > Polycistronic mtRNA processing | Mitochondrial central dogma > mtRNA metabolism > mtRNA stability and decay | Mitochondrial central dogma > Translation > Mitochondrial ribosome assembly,5.5345,,chr2,True,"Mitochondrion matrix, mitochondrion nucleoid",NUC
97123,8799,PEX11B,18632.0,peroxisomal biogenesis factor 11 beta,O96011,0,5.4781,2.0,chr1,True,Peroxisome membrane,NUC
97124,25880,TMEM186,66690.0,transmembrane protein 186,Q96B77,OXPHOS > Complex I > CI assembly factors | OXPHOS > OXPHOS assembly factors,5.4781,2.0,chr16,True,Mitochondrion inner membrane,MIM
97125,80119,PIF1,208084.0,PIF1 5'-to-3' DNA helicase,Q9H611,Mitochondrial central dogma > mtDNA maintenance,5.4414,1.0,chr15,True,Nucleus,NUC
97126,2168,FABP1,14080.0,fatty acid binding protein 1,P07148,Metabolism > Metals and cofactors > Heme synthesis and processing | Metabolism > Lipid metabolism,5.4389,,chr2,True,Cytoplasm,NUC
97127,215,ABCD1,11666.0,ATP binding cassette subfamily D member 1,P33897,Small molecule transport > ABC transporters,5.4323,4.0,chrX,True,Peroxisome membrane,NUC
97128,11212,PLPBP,114863.0,pyridoxal phosphate binding protein,O94903,Metabolism > Vitamin metabolism > Vitamin B6 metabolism,5.3618,4.0,chr8,True,,NUC
97129,1622,DBI,13167.0,"diazepam binding inhibitor, acyl-CoA binding protein",P07108,Metabolism > Lipid metabolism,5.3468,,chr2,True,Endoplasmic reticulum,NUC
97130,87178,PNPT1,71701.0,polyribonucleotide nucleotidyltransferase 1,Q8TCS8,Mitochondrial central dogma > mtRNA metabolism > mtRNA stability and decay,5.3413,2.0,chr2,True,Cytoplasm,NUC
97131,116447,TOP1MT,72960.0,DNA topoisomerase I mitochondrial,Q969P6,Mitochondrial central dogma > mtDNA maintenance > mtDNA replication | Mitochondrial central dogma > mtRNA metabolism > Transcription,5.3339,2.0,chr8,True,Mitochondrion,NUC
97132,246243,RNASEH1,19819.0,ribonuclease H1,O60930,Mitochondrial central dogma > mtDNA maintenance > mtDNA replication | Mitochondrial central dogma > mtRNA metabolism > mtRNA stability and decay,5.327,2.0,chr2,True,Cytoplasm,NUC
97133,10350,ABCA9,217262.0,ATP binding cassette subfamily A member 9,Q8IUA7,Small molecule transport > ABC transporters,5.3065,5.0,chr17,True,Membrane,NUC
97134,6342,SCP2,20280.0,sterol carrier protein 2,P22307,"Metabolism > Lipid metabolism > Cholesterol, bile acid, steroid synthesis",5.2994,,chr1,True,Peroxisome,NUC
97135,51559,NT5DC3,103466.0,5'-nucleotidase domain containing 3,Q86UY8,0,5.2887,2.0,chr12,True,,NUC
97136,100272147,CMC4,,C-X9-C motif containing 4,P56277,0,5.252,,chrX,True,Mitochondrion,NUC
97138,54059,YBEY,216119.0,ybeY metalloendoribonuclease,P58557,Mitochondrial central dogma > mtRNA metabolism > Polycistronic mtRNA processing | Mitochondrial central dogma > Translation > Mitochondrial ribosome assembly,5.2315,2.0,chr21,True,Nucleus,NUC
97139,3094,HINT1,15254.0,histidine triad nucleotide binding protein 1,P49773,Metabolism > Nucleotide metabolism > Nucleotide synthesis and processing,5.2276,,chr5,True,Cytoplasm,NUC
97140,79594,MUL1,68350.0,mitochondrial E3 ubiquitin protein ligase 1,Q969V5,"Protein import, sorting and homeostasis > Protein homeostasis | Mitochondrial dynamics and surveillance > Fission | Signaling",5.1987,,chr1,True,Mitochondrion outer membrane,NUC
97141,7084,TK2,57813.0,thymidine kinase 2,O00142,Metabolism > Nucleotide metabolism > Nucleotide synthesis and processing,5.1181,2.0,chr16,True,Mitochondrion,NUC
97142,79814,AGMAT,75986.0,agmatinase,Q9BSE5,Metabolism > Amino acid metabolism,4.986,3.0,chr1,True,Mitochondrion,NUC
97143,129607,CMPK2,22169.0,cytidine/uridine monophosphate kinase 2,Q5EBM0,Metabolism > Nucleotide metabolism > Nucleotide synthesis and processing,4.9286,1.0,chr2,True,Mitochondrion,NUC
97144,637,BID,12122.0,BH3 interacting domain death agonist,P55957,Mitochondrial dynamics and surveillance > Apoptosis,4.9239,1.0,chr22,True,Cytoplasm,NUC
97145,402,ARL2,56327.0,ADP ribosylation factor like GTPase 2,P36404,Mitochondrial dynamics and surveillance > Fusion,4.8027,,chr11,True,Mitochondrion intermembrane space,NUC
97146,55333,SYNJ2BP,24071.0,synaptojanin 2 binding protein,P57105,Mitochondrial dynamics and surveillance > Organelle contact sites,4.8027,,chr14,True,Mitochondrion outer membrane,NUC
97147,56947,MFF,75734.0,mitochondrial fission factor,Q9GZY8,Mitochondrial dynamics and surveillance > Fission,4.7895,4.0,chr2,True,Mitochondrion outer membrane,NUC
97148,51181,DCXR,67880.0,dicarbonyl and L-xylulose reductase,Q7Z4W1,Metabolism > Carbohydrate metabolism,4.7874,2.0,chr17,True,Apical cell membrane,NUC
97149,53343,NUDT9,74167.0,nudix hydrolase 9,Q9BW91,Metabolism > Nucleotide metabolism > Nucleotide synthesis and processing,4.7857,5.0,chr4,True,Mitochondrion,NUC
97150,23600,AMACR,17117.0,alpha-methylacyl-CoA racemase,Q9UHK6,Metabolism > Lipid metabolism > Fatty acid oxidation,4.7681,,chr5,True,Peroxisome,NUC
97151,55187,VPS13D,230895.0,vacuolar protein sorting 13 homolog D,Q5THJ4,Mitochondrial dynamics and surveillance > Mitophagy | Mitochondrial dynamics and surveillance > Autophagy,4.7513,,chr1,True,,NUC
97152,11162,NUDT6,229228.0,nudix hydrolase 6,P53370,0,4.6489,2.0,chr4,True,Mitochondrion,NUC
97153,55101,DMAC2,66349.0,distal membrane arm assembly complex 2,Q9NW81,OXPHOS > Complex I > CI assembly factors | OXPHOS > OXPHOS assembly factors,4.5235,3.0,chr19,True,Mitochondrion,NUC
97154,29960,MRM2,68017.0,mitochondrial rRNA methyltransferase 2,Q9UI43,Mitochondrial central dogma > mtRNA metabolism > mtRNA granules | Mitochondrial central dogma > mtRNA metabolism > mt-rRNA modifications | Mitochondrial central dogma > Translation > Mitochondrial ribosome assembly,4.5096,4.0,chr7,True,Mitochondrion,NUC
97155,578,BAK1,12018.0,BCL2 antagonist/killer 1,Q16611,Mitochondrial dynamics and surveillance > Apoptosis,4.5081,,chr6,True,Mitochondrion outer membrane,NUC
97156,1723,DHODH,56749.0,dihydroorotate dehydrogenase (quinone),Q02127,"Metabolism > Nucleotide metabolism > Nucleotide synthesis and processing | Metabolism > Electron carriers > Q-linked reactions, other",4.5081,,chr16,True,Mitochondrion inner membrane,MIM
97157,4129,MAOB,109731.0,monoamine oxidase B,P27338,Metabolism > Amino acid metabolism > Catechol metabolism | Metabolism > Detoxification > Xenobiotic metabolism,4.5081,,chrX,True,Mitochondrion outer membrane,NUC
97158,4259,MGST3,66447.0,microsomal glutathione S-transferase 3,O14880,Metabolism > Lipid metabolism > Eicosanoid metabolism,4.5081,,chr1,True,Mitochondrion outer membrane,NUC
97159,51205,ACP6,66659.0,"acid phosphatase 6, lysophosphatidic",Q9NPH0,Metabolism > Lipid metabolism > Phospholipid metabolism,4.5081,,chr1,True,Mitochondrion,NUC
97160,51642,MRPL48,52443.0,mitochondrial ribosomal protein L48,Q96GC5,Mitochondrial central dogma > Translation > Mitochondrial ribosome,4.5081,,chr11,True,Mitochondrion,NUC
97161,189,AGXT,11611.0,alanine--glyoxylate and serine--pyruvate aminotransferase,P21549,Metabolism > Amino acid metabolism > Serine metabolism | Metabolism > Amino acid metabolism > Glyoxylate metabolism,4.4755,,chr2,True,Peroxisome,NUC
97162,1727,CYB5R3,109754.0,cytochrome b5 reductase 3,P00387,Metabolism > Detoxification > Xenobiotic metabolism | Metabolism > Detoxification > Amidoxime reducing complex | Metabolism > Lipid metabolism,4.4742,,chr22,True,Endoplasmic reticulum membrane,NUC
97163,55794,DDX28,71986.0,DEAD-box helicase 28,Q9NUL7,Mitochondrial central dogma > mtRNA metabolism > mtRNA granules | Mitochondrial central dogma > Translation > Mitochondrial ribosome assembly,4.4365,2.0,chr16,True,Nucleus,NUC
97164,25953,PNKD,56695.0,PNKD metallo-beta-lactamase domain containing,Q8N490,OXPHOS > Complex IV > CIV assembly factors | OXPHOS > OXPHOS assembly factors,4.4332,2.0,chr2,True,Cell membrane,NUC
97165,286097,MICU3,78506.0,mitochondrial calcium uptake family member 3,Q86XE3,Signaling > Calcium homeostasis > Calcium cycle | Signaling > Calcium homeostasis > EF hand proteins | Small molecule transport > Calcium uniporter,4.4332,2.0,chr8,True,Mitochondrion intermembrane space,NUC
97166,664,BNIP3,12176.0,BCL2 interacting protein 3,Q12983,Mitochondrial dynamics and surveillance > Apoptosis,4.3912,,chr10,True,Mitochondrion,NUC
97167,345778,MTX3,382793.0,metaxin 3,Q5HYI7,Mitochondrial dynamics and surveillance > Intramitochondrial membrane interactions,4.3912,,chr5,True,Mitochondrion,NUC
97168,4595,MUTYH,70603.0,mutY DNA glycosylase,Q9UIF7,Mitochondrial central dogma > mtDNA maintenance,4.3575,1.0,chr1,True,Nucleus,NUC
97169,8225,GTPBP6,107999.0,GTP binding protein 6 (putative),O43824,0,4.3575,1.0,chrX,True,,NUC
97170,1583,CYP11A1,13070.0,cytochrome P450 family 11 subfamily A member 1,P05108,"Metabolism > Lipid metabolism > Cholesterol, bile acid, steroid synthesis | Metabolism > Metals and cofactors > Heme-containing proteins",4.3516,4.0,chr15,True,Mitochondrion inner membrane,MIM
97171,54940,OCIAD1,68095.0,OCIA domain containing 1,Q9NX40,0,4.2832,,chr4,True,Endosome,NUC
97172,79828,METTL8,228019.0,methyltransferase like 8,Q9H825,Mitochondrial central dogma > mtRNA metabolism,4.282,2.0,chr2,True,Mitochondrion,NUC
97173,389203,SMIM20,66278.0,small integral membrane protein 20,Q8N5G0,OXPHOS > Complex IV > CIV assembly factors | OXPHOS > OXPHOS assembly factors,4.1784,,chr4,True,Mitochondrion inner membrane,MIM
97174,84881,RPUSD4,71989.0,RNA pseudouridine synthase D4,Q96CM3,Mitochondrial central dogma > mtRNA metabolism > mtRNA granules | Mitochondrial central dogma > mtRNA metabolism > mt-tRNA modifications | Mitochondrial central dogma > mtRNA metabolism > mt-rRNA modifications,4.104,5.0,chr11,True,Mitochondrion matrix,NUC
97175,57150,SMIM8,66291.0,small integral membrane protein 8,Q96KF7,0,4.0394,,chr6,True,Membrane,NUC
97176,10201,NME6,54369.0,NME/NM23 nucleoside diphosphate kinase 6,O75414,Metabolism > Nucleotide metabolism > Nucleotide synthesis and processing,3.9472,,chr3,True,Mitochondrion matrix,NUC
97177,23770,FKBP8,14232.0,FKBP prolyl isomerase 8,Q14318,Mitochondrial dynamics and surveillance > Organelle contact sites | Mitochondrial dynamics and surveillance > Mitophagy | Mitochondrial dynamics and surveillance > Autophagy,3.9439,,chr19,True,Mitochondrion,NUC
97178,341392,ACSM4,233801.0,acyl-CoA synthetase medium chain family member 4,P0C7M7,Metabolism > Lipid metabolism > Fatty acid oxidation,3.8935,2.0,chr12,True,Mitochondrion,NUC
97179,79671,NLRX1,270151.0,NLR family member X1,Q86UT6,Signaling > Immune response,3.7937,2.0,chr11,True,Mitochondrion outer membrane,NUC
97180,55572,FOXRED1,235169.0,FAD dependent oxidoreductase domain containing 1,Q96CU9,OXPHOS > Complex I > CI assembly factors | OXPHOS > OXPHOS assembly factors,3.7864,,chr11,True,Mitochondrion inner membrane,MIM
97181,64216,TFB2M,15278.0,"transcription factor B2, mitochondrial",Q9H5Q4,Mitochondrial central dogma > mtDNA maintenance > mtDNA replication | Mitochondrial central dogma > mtRNA metabolism > Transcription,3.7684,1.0,chr1,True,Mitochondrion,NUC
97182,152926,PPM1K,243382.0,"protein phosphatase, Mg2+/Mn2+ dependent 1K",Q8N3J5,Metabolism > Amino acid metabolism > Branched-chain amino acid metabolism | Metabolism > Amino acid metabolism > Branched-chain amino acid dehydrogenase complex,3.7684,1.0,chr4,True,Mitochondrion matrix,NUC
97183,517,ATP5MC2,67942.0,ATP synthase membrane subunit c locus 2,Q06055,OXPHOS > Complex V > CV subunits | OXPHOS > OXPHOS subunits,3.7304,,chr12,True,Mitochondrion membrane,NUC
97184,4535,MT-ND1,17716.0,"NADH dehydrogenase, subunit 1 (complex I)",P03886,OXPHOS > Complex I > CI subunits | OXPHOS > OXPHOS subunits,3.5915,,chrM,True,Mitochondrion inner membrane,MIM
97185,6901,TAZ,66826.0,tafazzin,Q16635,Metabolism > Lipid metabolism > Cardiolipin synthesis,3.4912,,chrX,True,Mitochondrion outer membrane,NUC
97186,253827,MSRB3,320183.0,methionine sulfoxide reductase B3,Q8IXL7,Metabolism > Detoxification > ROS and glutathione metabolism,3.4401,5.0,chr12,True,Endoplasmic reticulum,NUC
97187,26027,ACOT11,329910.0,acyl-CoA thioesterase 11,Q8WXI4,Metabolism > Lipid metabolism > Fatty acid oxidation,3.398,2.0,chr1,True,Mitochondrion matrix,NUC
97188,55335,NIPSNAP3B,66536.0,nipsnap homolog 3B,Q9BS92,0,3.3827,2.0,chr9,True,,NUC
97189,4913,NTHL1,18207.0,nth like DNA glycosylase 1,P78549,Metabolism > Metals and cofactors > Fe-S-containing proteins,3.297,4.0,chr16,True,Nucleus,NUC
97190,54708,MARCHF5,69104.0,membrane associated ring-CH-type finger 5,Q9NX47,Mitochondrial dynamics and surveillance > Mitophagy | Mitochondrial dynamics and surveillance > Autophagy,3.273,,chr10,True,Mitochondrion outer membrane,NUC
97191,119559,SFXN4,94281.0,sideroflexin 4,Q6P4A7,Small molecule transport > Sideroflexins,3.2625,,chr10,True,Mitochondrion inner membrane,MIM
97192,57570,TRMT5,76357.0,tRNA methyltransferase 5,Q32P41,Mitochondrial central dogma > mtRNA metabolism > mt-tRNA modifications,3.1785,4.0,chr14,True,Mitochondrion matrix,NUC
97193,293,SLC25A6,,solute carrier family 25 member 6,P12236,Metabolism > Nucleotide metabolism > Nucleotide import | Signaling > Calcium homeostasis > Mitochondrial permeability transition pore | Small molecule transport > SLC25A family,3.172,,chrX,True,Mitochondrion inner membrane,MIM
97194,147407,SLC25A52,,solute carrier family 25 member 52,Q3SY17,Metabolism > Metals and cofactors > NAD biosynthesis and metabolism | Small molecule transport > SLC25A family,3.172,,chr18,True,Mitochondrion inner membrane,MIM
97195,4968,OGG1,18294.0,8-oxoguanine DNA glycosylase,O15527,Mitochondrial central dogma > mtDNA maintenance > mtDNA repair,3.1054,2.0,chr3,True,"Nucleus, nucleoplasm",NUC
97196,730249,ACOD1,16365.0,aconitate decarboxylase 1,A6NK06,Metabolism > Carbohydrate metabolism > Itaconate metabolism | Signaling > Immune response,3.0634,,chr13,True,Mitochondrion,NUC
97197,81890,QTRT1,60507.0,queuine tRNA-ribosyltransferase catalytic subunit 1,Q9BXR0,Mitochondrial central dogma > mtRNA metabolism > mt-tRNA modifications,3.0298,3.0,chr19,True,Cytoplasm,NUC
97198,84883,AIFM2,71361.0,apoptosis inducing factor mitochondria associated 2,Q9BRQ8,Metabolism > Detoxification > ROS and glutathione metabolism | Mitochondrial dynamics and surveillance > Apoptosis,3.0272,,chr10,True,Lipid droplet,NUC
97199,7001,PRDX2,21672.0,peroxiredoxin 2,P32119,Metabolism > Detoxification > ROS and glutathione metabolism,2.98,,chr19,True,Cytoplasm,NUC
97200,26235,FBXL4,269514.0,F-box and leucine rich repeat protein 4,Q9UKA2,0,2.9195,5.0,chr6,True,Cytoplasm,NUC
97201,57678,GPAM,14732.0,"glycerol-3-phosphate acyltransferase, mitochondrial",Q9HCL2,Metabolism > Lipid metabolism > Cardiolipin synthesis | Metabolism > Lipid metabolism > Phospholipid metabolism,2.7219,,chr10,True,Mitochondrion outer membrane,NUC
97202,27109,DMAC2L,68055.0,distal membrane arm assembly complex 2 like,Q99766,OXPHOS > Complex V > CV subunits | OXPHOS > OXPHOS subunits,2.6674,,chr14,True,Mitochondrion,NUC
97203,55177,RMDN3,67809.0,regulator of microtubule dynamics 3,Q96TC7,Mitochondrial dynamics and surveillance > Organelle contact sites,2.6674,,chr15,True,Mitochondrion outer membrane,NUC
97204,84293,PRXL2A,70564.0,peroxiredoxin like 2A,Q9BRX8,Metabolism > Detoxification > ROS and glutathione metabolism,2.6674,,chr10,True,Cytoplasm,NUC
97205,84833,ATP5MD,66477.0,ATP synthase membrane subunit DAPIT,Q96IX5,OXPHOS > Complex V > CV subunits | OXPHOS > OXPHOS subunits | Mitochondrial dynamics and surveillance > Cristae formation,2.6674,,chr10,True,Mitochondrion membrane,NUC
97206,100303755,PET117,100048644.0,PET117 cytochrome c oxidase chaperone,Q6UWS5,OXPHOS > Complex IV > CIV assembly factors | OXPHOS > OXPHOS assembly factors,2.6348,,chr20,True,Mitochondrion,NUC
97207,4128,MAOA,17161.0,monoamine oxidase A,P21397,Metabolism > Amino acid metabolism > Catechol metabolism | Metabolism > Detoxification > Xenobiotic metabolism,2.6021,,chrX,True,Mitochondrion outer membrane,NUC
97208,145853,C15orf61,69478.0,chromosome 15 open reading frame 61,A6NNL5,0,2.5925,2.0,chr15,True,Secreted,NUC
97209,10721,POLQ,77782.0,DNA polymerase theta,O75417,Mitochondrial central dogma > mtDNA maintenance,2.5592,3.0,chr3,True,Nucleus,NUC
97210,83875,BCO2,170752.0,beta-carotene oxygenase 2,Q9BYV7,Metabolism > Vitamin metabolism > Vitamin A metabolism,2.5559,3.0,chr11,True,Mitochondrion,NUC
97211,3429,IFI27,52668.0,interferon alpha inducible protein 27,P40305,Signaling > Immune response | Mitochondrial dynamics and surveillance > Apoptosis,2.5531,4.0,chr14,True,Mitochondrion membrane,NUC
97212,1429,CRYZ,12972.0,crystallin zeta,Q08257,0,2.4163,5.0,chr1,True,"Cytoplasm, cytosol",NUC
97213,5831,PYCR1,209027.0,pyrroline-5-carboxylate reductase 1,P32322,Metabolism > Amino acid metabolism > Proline metabolism,2.4163,5.0,chr17,True,Mitochondrion,NUC
97214,55217,TMLHE,192289.0,"trimethyllysine hydroxylase, epsilon",Q9NVH6,Metabolism > Metals and cofactors > Carnitine synthesis and transport,2.2595,,chrX,True,Mitochondrion matrix,NUC
97215,9804,TOMM20,67952.0,translocase of outer mitochondrial membrane 20,Q15388,"Protein import, sorting and homeostasis > Protein import and sorting > TOM | Mitochondrial dynamics and surveillance",2.2055,,chr1,True,Mitochondrion outer membrane,NUC
97216,79693,YRDC,230734.0,yrdC N6-threonylcarbamoyltransferase domain containing,Q86U90,Mitochondrial central dogma > mtRNA metabolism > mt-tRNA modifications,2.1517,1.0,chr1,True,Cytoplasm,NUC
97217,65260,COA7,69893.0,cytochrome c oxidase assembly factor 7 (putative),Q96BR5,OXPHOS > Complex IV > CIV assembly factors | OXPHOS > OXPHOS assembly factors,2.0718,,chr1,True,Mitochondrion intermembrane space,NUC
97218,10202,DHRS2,71412.0,dehydrogenase/reductase 2,Q13268,Metabolism > Detoxification > Xenobiotic metabolism,2.0214,2.0,chr14,True,Mitochondrion matrix,NUC
97219,166785,MMAA,109136.0,metabolism of cobalamin associated A,Q8IVH4,Metabolism > Vitamin metabolism > Vitamin B12 metabolism,1.9744,4.0,chr4,True,Mitochondrion,NUC
97220,54471,MIEF1,239555.0,mitochondrial elongation factor 1,Q9NQG6,Mitochondrial central dogma > Translation > Mitochondrial ribosome assembly | Mitochondrial dynamics and surveillance > Fission,1.9593,,chr22,True,Mitochondrion outer membrane,NUC
97221,84419,C15orf48,433470.0,chromosome 15 open reading frame 48,Q9C002,0,1.9171,,chr15,True,Mitochondrion inner membrane,MIM
97222,3980,LIG3,16882.0,DNA ligase 3,P49916,Mitochondrial central dogma > mtDNA maintenance > mtDNA replication | Mitochondrial central dogma > mtDNA maintenance > mtDNA repair,1.8977,3.0,chr17,True,Mitochondrion,NUC
97223,665,BNIP3L,12177.0,BCL2 interacting protein 3 like,O60238,Mitochondrial dynamics and surveillance > Apoptosis,1.861,,chr8,True,Nucleus envelope,NUC
97224,60493,FASTKD5,380601.0,FAST kinase domains 5,Q7L8L6,Mitochondrial central dogma > mtRNA metabolism > mtRNA granules | Mitochondrial central dogma > mtRNA metabolism > Polycistronic mtRNA processing | Mitochondrial central dogma > mtRNA metabolism > mtRNA stability and decay,1.5509,2.0,chr20,True,"Mitochondrion matrix, mitochondrion nucleoid",NUC
97225,11315,PARK7,57320.0,Parkinsonism associated deglycase,Q99497,"Protein import, sorting and homeostasis > Protein homeostasis | Mitochondrial dynamics and surveillance > Mitophagy | Mitochondrial dynamics and surveillance > Autophagy",1.5385,,chr1,True,Cell membrane,NUC
97226,55744,COA1,,cytochrome c oxidase assembly factor 1 homolog,Q9GZY4,OXPHOS > Complex I > CI assembly factors | OXPHOS > Complex IV > CIV assembly factors | OXPHOS > OXPHOS assembly factors,1.463,2.0,chr7,True,Mitochondrion inner membrane,MIM
97227,170712,COX7B2,,cytochrome c oxidase subunit 7B2,Q8TF08,OXPHOS > Complex IV > CIV subunits | OXPHOS > OXPHOS subunits,1.463,2.0,chr4,True,Mitochondrion inner membrane,MIM
97228,4539,MT-ND4L,17720.0,"NADH dehydrogenase, subunit 4L (complex I)",P03901,OXPHOS > Complex I > CI subunits | OXPHOS > OXPHOS subunits,1.4501,,chrM,True,Mitochondrion inner membrane,MIM
97229,23409,SIRT4,75387.0,sirtuin 4,Q9Y6E7,Metabolism > Metals and cofactors > NAD biosynthesis and metabolism,1.4323,2.0,chr12,True,Mitochondrion matrix,NUC
97230,84300,UQCC2,67267.0,ubiquinol-cytochrome c reductase complex assembly factor 2,Q9BRT2,OXPHOS > Complex III > CIII assembly factors | OXPHOS > OXPHOS assembly factors,1.4323,,chr6,True,"Mitochondrion matrix, mitochondrion nucleoid",NUC
97231,84749,USP30,100756.0,ubiquitin specific peptidase 30,Q70CQ3,"Protein import, sorting and homeostasis > Protein homeostasis > Proteases | Mitochondrial dynamics and surveillance > Mitophagy | Mitochondrial dynamics and surveillance > Autophagy",1.4323,2.0,chr12,True,Mitochondrion outer membrane,NUC
97232,201626,PDE12,211948.0,phosphodiesterase 12,Q6L8Q7,Mitochondrial central dogma > mtRNA metabolism > mt-mRNA modifications | Mitochondrial central dogma > mtRNA metabolism > mtRNA stability and decay,1.4323,2.0,chr3,True,Mitochondrion matrix,NUC
97233,4832,NME3,79059.0,NME/NM23 nucleoside diphosphate kinase 3,Q13232,Metabolism > Nucleotide metabolism > Nucleotide synthesis and processing,1.4126,,chr16,True,Mitochondrion outer membrane,NUC
97234,22907,DHX30,72831.0,DExH-box helicase 30,Q7L2E3,Mitochondrial central dogma > mtRNA metabolism > mtRNA granules | Mitochondrial central dogma > Translation > Mitochondrial ribosome assembly,1.3968,4.0,chr3,True,Cytoplasm,NUC
97235,10922,FASTK,66587.0,Fas activated serine/threonine kinase,Q14296,Mitochondrial central dogma > mtRNA metabolism > mtRNA granules | Mitochondrial central dogma > mtRNA metabolism > Polycistronic mtRNA processing | Mitochondrial central dogma > mtRNA metabolism > mtRNA stability and decay,1.3696,,chr7,True,Mitochondrion matrix,NUC
97236,196074,METTL15,76894.0,methyltransferase like 15,A6NJ78,Mitochondrial central dogma > mtRNA metabolism > mt-rRNA modifications,1.3644,,chr11,True,Mitochondrion matrix,NUC
97237,1591,CYP24A1,13081.0,cytochrome P450 family 24 subfamily A member 1,Q07973,Metabolism > Metals and cofactors > Heme-containing proteins | Metabolism > Vitamin metabolism > Vitamin D metabolism,1.3533,1.0,chr20,True,Mitochondrion,NUC
97238,25819,NOCT,12457.0,nocturnin,Q9UK39,Metabolism > Metals and cofactors > NAD biosynthesis and metabolism,1.3533,1.0,chr4,True,Cytoplasm,NUC
97239,80025,PANK2,74450.0,pantothenate kinase 2,Q9BZ23,Metabolism > Metals and cofactors > Coenzyme A metabolism,1.3533,1.0,chr20,True,Mitochondrion,NUC
97240,763,CA5A,12352.0,carbonic anhydrase 5A,P35218,Metabolism > Amino acid metabolism > Urea cycle,1.2151,5.0,chr16,True,Mitochondrion,NUC
97241,64943,NT5DC2,70021.0,5'-nucleotidase domain containing 2,Q9H857,Metabolism > Nucleotide metabolism > Nucleotide synthesis and processing,1.168,2.0,chr3,True,Cytoplasm,NUC
97242,83858,ATAD3B,,ATPase family AAA domain containing 3B,Q5T9A4,Mitochondrial central dogma > mtDNA maintenance > mtDNA nucleoid | Mitochondrial dynamics and surveillance > Organelle contact sites | Mitochondrial dynamics and surveillance > Intramitochondrial membrane interactions,1.0923,,chr1,True,Mitochondrion inner membrane,MIM
97243,26995,TRUB2,227682.0,TruB pseudouridine synthase family member 2,O95900,Mitochondrial central dogma > mtRNA metabolism > mtRNA granules | Mitochondrial central dogma > mtRNA metabolism > mt-rRNA modifications,1.081,4.0,chr9,True,Mitochondrion matrix,NUC
97244,5566,PRKACA,18747.0,protein kinase cAMP-activated catalytic subunit alpha,P17612,Signaling > cAMP-PKA signaling,0.917,,chr19,True,Cytoplasm,NUC
97245,118881,COMTD1,69156.0,catechol-O-methyltransferase domain containing 1,Q86VU5,0,0.7267,,chr10,True,Membrane,NUC
97246,126129,CPT1C,78070.0,carnitine palmitoyltransferase 1C,Q8TCG5,Metabolism > Lipid metabolism > Fatty acid oxidation | Metabolism > Metals and cofactors > Carnitine synthesis and transport | Metabolism > Metals and cofactors > Carnitine shuttle,0.7262,,chr19,True,"Cell projection, dendrite",NUC
97247,285315,C3orf33,329659.0,chromosome 3 open reading frame 33,Q6P1S2,0,0.7152,3.0,chr3,True,Mitochondrion inner membrane,MIM
97248,84895,MIGA2,108958.0,mitoguardin 2,Q7L4E1,Mitochondrial dynamics and surveillance > Fusion | Mitochondrial dynamics and surveillance > Organelle contact sites,0.6613,,chr9,True,Mitochondrion outer membrane,NUC
97249,27044,SND1,56463.0,staphylococcal nuclease and tudor domain containing 1,Q7KZF4,0,0.6244,,chr7,True,Cytoplasm,NUC
97250,2747,GLUD2,,glutamate dehydrogenase 2,P49448,Metabolism > Amino acid metabolism > Glutamate metabolism | Metabolism > Amino acid metabolism > GABA metabolism,0.4661,1.0,chrX,True,Mitochondrion matrix,NUC
97251,84842,HPDL,242642.0,4-hydroxyphenylpyruvate dioxygenase like,Q96IR7,0,0.3717,3.0,chr1,True,Mitochondrion,NUC
97252,90806,ANGEL2,52477.0,angel homolog 2,Q5VTE6,Mitochondrial central dogma > mtRNA metabolism > mt-mRNA modifications,0.3556,5.0,chr1,True,Mitochondrion matrix,NUC
97253,65990,ANTKMT,214917.0,adenine nucleotide translocase lysine methyltransferase,Q9BQD7,Metabolism > Nucleotide metabolism,0.2311,,chr16,True,Mitochondrion membrane,NUC
97254,790955,UQCC3,107197.0,ubiquinol-cytochrome c reductase complex assembly factor 3,Q6UW78,OXPHOS > Complex III > CIII assembly factors | OXPHOS > OXPHOS assembly factors,0.2311,,chr11,True,Mitochondrion inner membrane,MIM
97255,10549,PRDX4,53381.0,peroxiredoxin 4,Q13162,Metabolism > Detoxification > ROS and glutathione metabolism,0.2254,,chrX,True,Cytoplasm,NUC
97256,51654,CDK5RAP1,66971.0,CDK5 regulatory subunit associated protein 1,Q96SZ6,Mitochondrial central dogma > mtRNA metabolism > mt-tRNA modifications,0.1441,3.0,chr20,True,Mitochondrion,NUC
97257,10606,PAICS,67054.0,phosphoribosylaminoimidazole carboxylase and phosphoribosylaminoimidazolesuccinocarboxamide synthase,P22234,Metabolism > Nucleotide metabolism > Nucleotide synthesis and processing,0.08,,chr4,True,,NUC
97258,84709,MGARP,67749.0,mitochondria localized glutamic acid rich protein,Q8TDB4,Mitochondrial dynamics and surveillance > Trafficking,0.0622,2.0,chr4,True,Mitochondrion,NUC
97259,81932,HDHD3,72748.0,haloacid dehalogenase like hydrolase domain containing 3,Q9BSH5,0,0.0417,,chr9,True,,NUC
97260,1585,CYP11B2,13072.0,cytochrome P450 family 11 subfamily B member 2,P19099,"Metabolism > Lipid metabolism > Cholesterol, bile acid, steroid synthesis | Metabolism > Metals and cofactors > Heme-containing proteins",0.0256,3.0,chr8,True,Mitochondrion inner membrane,MIM
97261,56895,AGPAT4,68262.0,1-acylglycerol-3-phosphate O-acyltransferase 4,Q9NRZ5,Metabolism > Lipid metabolism > Cardiolipin synthesis | Metabolism > Lipid metabolism > Phospholipid metabolism,-0.0064,,chr6,True,Endoplasmic reticulum membrane,NUC
97262,81554,RCC1L,94254.0,RCC1 like,Q96I51,Mitochondrial central dogma > mtRNA metabolism > mt-rRNA modifications,-0.1485,2.0,chr7,True,Mitochondrion membrane,NUC
97263,222234,FAM185A,330050.0,family with sequence similarity 185 member A,Q8N0U4,0,-0.32,3.0,chr7,True,,NUC
97264,5366,PMAIP1,58801.0,phorbol-12-myristate-13-acetate-induced protein 1,Q13794,Mitochondrial dynamics and surveillance > Apoptosis,-0.3397,,chr18,True,Mitochondrion,NUC
97265,11022,TDRKH,72634.0,tudor and KH domain containing,Q9Y2W6,0,-0.8138,,chr1,True,Cytoplasm,NUC
97266,80024,SLC8B1,170756.0,solute carrier family 8 member B1,Q6J4K2,Signaling > Calcium homeostasis > Calcium cycle | Small molecule transport,-0.9328,,chr12,True,Mitochondrion inner membrane,MIM
97267,1594,CYP27B1,13115.0,cytochrome P450 family 27 subfamily B member 1,O15528,Metabolism > Metals and cofactors > Heme-containing proteins | Metabolism > Vitamin metabolism > Vitamin D metabolism,-0.9827,2.0,chr12,True,Mitochondrion membrane,NUC
97268,11232,POLG2,50776.0,"DNA polymerase gamma 2, accessory subunit",Q9UHN1,Mitochondrial central dogma > mtDNA maintenance > mtDNA replication | Mitochondrial central dogma > mtDNA maintenance > mtDNA nucleoid,-0.9827,2.0,chr17,True,Mitochondrion,NUC
97269,284486,THEM5,66198.0,thioesterase superfamily member 5,Q8N1Q8,Metabolism > Lipid metabolism,-0.9827,2.0,chr1,True,Mitochondrion matrix,NUC
97270,638,BIK,12124.0,BCL2 interacting killer,Q13323,Mitochondrial dynamics and surveillance > Apoptosis,-1.0247,,chr22,True,Endomembrane system,NUC
97271,7978,MTERF1,208595.0,mitochondrial transcription termination factor 1,Q99551,Mitochondrial central dogma > mtDNA maintenance > mtDNA nucleoid | Mitochondrial central dogma > mtRNA metabolism > Transcription,-1.0247,,chr7,True,Mitochondrion,NUC
97272,113115,MTFR2,71804.0,mitochondrial fission regulator 2,Q6P444,Mitochondrial dynamics and surveillance > Fission,-1.0247,,chr6,True,Mitochondrion,NUC
97273,2879,GPX4,625249.0,glutathione peroxidase 4,P36969,Metabolism > Detoxification > ROS and glutathione metabolism | Metabolism > Detoxification > Selenoproteins,-1.0377,,chr19,True,Mitochondrion,NUC
97274,387990,TOMM20L,75266.0,translocase of outer mitochondrial membrane 20 like,Q6UXN7,"Protein import, sorting and homeostasis > Protein import and sorting",-1.1144,,chr14,True,Mitochondrion outer membrane,NUC
97275,1312,COMT,12846.0,catechol-O-methyltransferase,P21964,Metabolism > Amino acid metabolism > Catechol metabolism,-1.2362,,chr22,True,Cytoplasm,NUC
97276,60314,MYG1,60315.0,MYG1 exonuclease,Q86UA3,Mitochondrial central dogma > mtRNA metabolism > mt-rRNA modifications | Mitochondrial central dogma > mtRNA metabolism > mt-mRNA modifications,-1.3152,5.0,chr12,True,"Nucleus, nucleoplasm",NUC
97277,64847,SPATA20,217116.0,spermatogenesis associated 20,Q8TB22,0,-1.3348,2.0,chr17,True,Secreted,NUC
97278,64064,OXCT2,,3-oxoacid CoA-transferase 2,Q9BYC2,Metabolism > Carbohydrate metabolism > Ketone metabolism,-1.406,1.0,chr1,True,Mitochondrion,NUC
97279,133957,CCDC127,67433.0,coiled-coil domain containing 127,Q96BQ5,0,-1.4533,,chr5,True,Mitochondrion outer membrane,NUC
97280,1407,CRY1,12952.0,cryptochrome circadian regulator 1,Q16526,0,-1.472,,chr12,True,Cytoplasm,NUC
97281,348158,ACSM2B,,acyl-CoA synthetase medium chain family member 2B,Q68CK6,Metabolism > Lipid metabolism > Fatty acid oxidation,-1.8699,2.0,chr16,True,Mitochondrion,NUC
97282,80179,MYO19,66196.0,myosin XIX,Q96H55,Mitochondrial dynamics and surveillance > Trafficking,-1.9426,,chr17,True,Mitochondrion outer membrane,NUC
97283,92667,MGME1,74528.0,mitochondrial genome maintenance exonuclease 1,Q9BQP7,Mitochondrial central dogma > mtDNA maintenance > mtDNA replication | Mitochondrial central dogma > mtDNA maintenance > mtDNA stability and decay,-2.2856,3.0,chr20,True,Mitochondrion,NUC
97284,5414,SEPTIN4,18952.0,septin 4,O43236,Mitochondrial dynamics and surveillance > Apoptosis,-2.3066,4.0,chr17,True,Cytoplasm,NUC
97285,80303,EFHD1,98363.0,EF-hand domain family member D1,Q9BUP0,Signaling > Calcium homeostasis > EF hand proteins,-2.4214,,chr2,True,Mitochondrion inner membrane,MIM
97286,55969,RAB5IF,67388.0,RAB5 interacting factor,Q9BUV8,OXPHOS > OXPHOS assembly factors | OXPHOS > Respirasome assembly,-2.5071,,chr20,True,Endoplasmic reticulum membrane,NUC
97287,328,APEX1,11792.0,apurinic/apyrimidinic endodeoxyribonuclease 1,P27695,Mitochondrial central dogma > mtDNA maintenance > mtDNA repair,-2.5406,,chr14,True,Nucleus,NUC
97288,9517,SPTLC2,20773.0,serine palmitoyltransferase long chain base subunit 2,O15270,Metabolism > Lipid metabolism > Phospholipid metabolism,-2.5406,,chr14,True,Endoplasmic reticulum membrane,NUC
97289,90871,DMAC1,66928.0,distal membrane arm assembly complex 1,Q96GE9,OXPHOS > Complex I > CI assembly factors | OXPHOS > OXPHOS assembly factors,-2.6545,,chr9,True,Mitochondrion inner membrane,MIM
97290,134145,ATPSCKMT,68073.0,ATP synthase c subunit lysine N-methyltransferase,Q6P4H8,OXPHOS > Complex V > CV assembly factors | OXPHOS > OXPHOS assembly factors,-2.7697,,chr5,True,Mitochondrion membrane,NUC
97291,129807,NEU4,241159.0,neuraminidase 4,Q8WWR8,Metabolism > Carbohydrate metabolism,-2.8234,2.0,chr2,True,Cell membrane,NUC
97292,842,CASP9,12371.0,caspase 9,P55211,"Protein import, sorting and homeostasis > Protein homeostasis > Proteases | Mitochondrial dynamics and surveillance > Apoptosis",-2.86,3.0,chr1,True,,NUC
97293,55750,AGK,69923.0,acylglycerol kinase,Q53H12,"Protein import, sorting and homeostasis > Protein import and sorting > TIM22 carrier pathway | Metabolism > Lipid metabolism > Phospholipid metabolism",-2.9098,,chr7,True,Mitochondrion inner membrane,MIM
97294,4170,MCL1,17210.0,"MCL1 apoptosis regulator, BCL2 family member",Q07820,Mitochondrial dynamics and surveillance > Apoptosis,-3.1297,,chr1,True,Membrane,NUC
97295,54920,DUS2,66369.0,dihydrouridine synthase 2,Q9NX74,Mitochondrial central dogma > mtRNA metabolism > mt-tRNA modifications,-3.2256,,chr16,True,Cytoplasm,NUC
97296,201164,PLD6,194908.0,phospholipase D family member 6,Q8N2A8,Metabolism > Lipid metabolism > Cardiolipin synthesis | Mitochondrial dynamics and surveillance > Fusion,-3.2256,,chr17,True,Mitochondrion outer membrane,NUC
97297,10953,TOMM34,67145.0,translocase of outer mitochondrial membrane 34,Q15785,"Protein import, sorting and homeostasis > Protein import and sorting > TOM",-3.4637,,chr20,True,Cytoplasm,NUC
97298,9692,PRORP,66132.0,protein only RNase P catalytic subunit,O15091,Mitochondrial central dogma > mtRNA metabolism > mtRNA granules | Mitochondrial central dogma > mtRNA metabolism > Polycistronic mtRNA processing,-3.6264,5.0,chr14,True,Mitochondrion,NUC
97299,57048,PLSCR3,70310.0,phospholipid scramblase 3,Q9NRY6,Metabolism > Lipid metabolism > Cardiolipin synthesis,-3.6727,,chr17,True,Mitochondrion membrane,NUC
97300,1159,CKMT1B,,"creatine kinase, mitochondrial 1B",0,Metabolism > Nucleotide metabolism > Creatine metabolism,-3.742,2.0,chr15,True,,NUC
97301,4707,NDUFB1,,NADH:ubiquinone oxidoreductase subunit B1,O75438,OXPHOS > Complex I > CI subunits | OXPHOS > OXPHOS subunits,-3.784,,chr14,True,Mitochondrion inner membrane,MIM
97302,100526740,ATP5MF-PTCD1,,ATP5MF-PTCD1 readthrough,B4DJ38,0,-3.784,,chr7,True,Mitochondrion matrix,NUC
97303,841,CASP8,12370.0,caspase 8,Q14790,"Protein import, sorting and homeostasis > Protein homeostasis | Mitochondrial dynamics and surveillance > Apoptosis",-3.7952,4.0,chr2,True,Cytoplasm,NUC
97304,598,BCL2L1,12048.0,BCL2 like 1,Q07817,Mitochondrial dynamics and surveillance > Apoptosis,-3.8147,,chr20,True,Mitochondrion inner membrane,MIM
97305,55218,EXD2,97827.0,exonuclease 3'-5' domain containing 2,Q9NVH0,Mitochondrial central dogma > Translation,-3.8147,,chr14,True,Mitochondrion outer membrane,NUC
97306,83787,ARMC10,67211.0,armadillo repeat containing 10,Q8N2F6,Mitochondrial dynamics and surveillance > Fission | Mitochondrial dynamics and surveillance > Trafficking,-4.079,,chr7,True,Endoplasmic reticulum membrane,NUC
97307,125170,MIEF2,237781.0,mitochondrial elongation factor 2,Q96C03,Mitochondrial dynamics and surveillance > Fission,-4.2008,5.0,chr17,True,Mitochondrion outer membrane,NUC
97308,54974,THG1L,66628.0,tRNA-histidine guanylyltransferase 1 like,Q9NWX6,Mitochondrial central dogma > mtRNA metabolism > mt-tRNA modifications,-4.4408,3.0,chr5,True,Cytoplasm,NUC
97309,64083,GOLPH3,66629.0,golgi phosphoprotein 3,Q9H4A6,0,-4.4533,4.0,chr5,True,"Golgi apparatus, Golgi stack membrane",NUC
97310,9581,PREPL,213760.0,prolyl endopeptidase like,Q4J6C6,0,-4.592,,chr2,True,"Cytoplasm, cytosol",NUC
97311,79072,FASTKD3,69577.0,FAST kinase domains 3,Q14CZ7,Mitochondrial central dogma > mtRNA metabolism > Polycistronic mtRNA processing | Mitochondrial central dogma > mtRNA metabolism > mtRNA stability and decay,-4.7007,3.0,chr5,True,Mitochondrion,NUC
97312,84902,CEP89,72140.0,centrosomal protein 89,Q96ST8,OXPHOS > Complex IV > CIV assembly factors | OXPHOS > OXPHOS assembly factors,-4.7007,3.0,chr19,True,"Cytoplasm, cytosol",NUC
97313,150763,GPAT2,215456.0,"glycerol-3-phosphate acyltransferase 2, mitochondrial",Q6NUI2,Metabolism > Lipid metabolism > Cardiolipin synthesis | Metabolism > Lipid metabolism > Phospholipid metabolism,-5.3044,,chr2,True,Mitochondrion outer membrane,NUC
97314,4077,NBR1,17966.0,NBR1 autophagy cargo receptor,Q14596,Mitochondrial dynamics and surveillance > Autophagy,-5.3955,,chr17,True,Cytoplasm,NUC
97315,666,BOK,51800.0,BCL2 family apoptosis regulator BOK,Q9UMX3,Mitochondrial dynamics and surveillance > Apoptosis,-5.5448,,chr2,True,Mitochondrion membrane,NUC
97316,60681,FKBP10,14230.0,FKBP prolyl isomerase 10,Q96AY3,"Protein import, sorting and homeostasis > Protein homeostasis > Chaperones",-5.5448,,chr17,True,Endoplasmic reticulum lumen,NUC
97317,133383,SETD9,,SET domain containing 9,Q8NE22,0,-5.5827,2.0,chr5,True,,NUC
97318,1584,CYP11B1,,cytochrome P450 family 11 subfamily B member 1,P15538,"Metabolism > Lipid metabolism > Cholesterol, bile acid, steroid synthesis | Metabolism > Metals and cofactors > Heme-containing proteins",-5.6193,3.0,chr8,True,Mitochondrion inner membrane,MIM
97319,751071,CSKMT,,citrate synthase lysine methyltransferase,A8MUP2,Signaling,-5.6193,3.0,chr11,True,Mitochondrion,NUC
97320,374986,MIGA1,215708.0,mitoguardin 1,Q8NAN2,Mitochondrial dynamics and surveillance > Fusion,-5.6553,,chr1,True,Mitochondrion outer membrane,NUC
97321,22934,RPIA,19895.0,ribose 5-phosphate isomerase A,P49247,Metabolism > Carbohydrate metabolism,-5.8466,4.0,chr2,True,,NUC
97322,27113,BBC3,170770.0,BCL2 binding component 3,Q96PG8,Mitochondrial dynamics and surveillance > Apoptosis,-6.0415,5.0,chr19,True,,NUC
97323,572,BAD,12015.0,BCL2 associated agonist of cell death,Q92934,Mitochondrial dynamics and surveillance > Apoptosis,-6.2297,,chr11,True,Mitochondrion outer membrane,NUC
97324,596,BCL2,12043.0,BCL2 apoptosis regulator,P10415,Mitochondrial dynamics and surveillance > Apoptosis,-6.2297,,chr18,True,Mitochondrion outer membrane,NUC
97325,597,BCL2A1,12047.0,BCL2 related protein A1,Q16548,Mitochondrial dynamics and surveillance > Apoptosis,-6.2297,,chr15,True,Cytoplasm,NUC
97326,599,BCL2L2,12050.0,BCL2 like 2,Q92843,Mitochondrial dynamics and surveillance > Apoptosis,-6.2297,,chr14,True,Mitochondrion membrane,NUC
97327,836,CASP3,12367.0,caspase 3,P42574,"Protein import, sorting and homeostasis > Protein homeostasis > Proteases | Mitochondrial dynamics and surveillance > Apoptosis",-6.2297,,chr4,True,Cytoplasm,NUC
97328,1760,DMPK,13400.0,DM1 protein kinase,Q09013,0,-6.2297,,chr19,True,Endoplasmic reticulum membrane,NUC
97329,1763,DNA2,327762.0,DNA replication helicase/nuclease 2,P51530,Mitochondrial central dogma > mtDNA maintenance > mtDNA replication | Metabolism > Metals and cofactors > Fe-S-containing proteins,-6.2297,,chr10,True,Nucleus,NUC
97330,4541,MT-ND6,17722.0,"NADH dehydrogenase, subunit 6 (complex I)",P03923,OXPHOS > Complex I > CI subunits | OXPHOS > OXPHOS subunits,-6.2297,,chrM,True,Mitochondrion inner membrane,MIM
97331,5071,PRKN,50873.0,parkin RBR E3 ubiquitin protein ligase,O60260,Mitochondrial dynamics and surveillance > Mitophagy | Mitochondrial dynamics and surveillance > Autophagy,-6.2297,,chr6,True,"Cytoplasm, cytosol",NUC
97332,8846,ALKBH1,211064.0,"alkB homolog 1, histone H2A dioxygenase",Q13686,Mitochondrial central dogma > mtRNA metabolism > mtRNA granules | Mitochondrial central dogma > mtRNA metabolism > mt-tRNA modifications,-6.2297,,chr14,True,Nucleus,NUC
97333,9463,PICK1,18693.0,protein interacting with PRKCA 1,Q9NRD5,0,-6.2297,,chr22,True,"Cytoplasm, perinuclear region",NUC
97334,10017,BCL2L10,12049.0,BCL2 like 10,Q9HD36,Mitochondrial dynamics and surveillance > Apoptosis,-6.2297,,chr15,True,Mitochondrion,NUC
97335,11216,AKAP10,56697.0,A-kinase anchoring protein 10,O43572,Signaling > cAMP-PKA signaling,-6.2297,,chr17,True,Mitochondrion,NUC
97336,51657,STYXL1,76571.0,serine/threonine/tyrosine interacting like 1,Q9Y6J8,Mitochondrial dynamics and surveillance > Apoptosis,-6.2297,,chr7,True,Mitochondrion matrix,NUC
97337,54888,NSUN2,28114.0,NOP2/Sun RNA methyltransferase 2,Q08J23,Mitochondrial central dogma > mtRNA metabolism > mt-tRNA modifications,-6.2297,,chr5,True,"Nucleus, nucleolus",NUC
97338,55811,ADCY10,271639.0,adenylate cyclase 10,Q96PN6,Signaling > cAMP-PKA signaling,-6.2297,,chr1,True,Cell membrane,NUC
97339,56848,SPHK2,56632.0,sphingosine kinase 2,Q9NRA0,Metabolism > Lipid metabolism > Phospholipid metabolism | Mitochondrial dynamics and surveillance > Apoptosis,-6.2297,,chr19,True,Cytoplasm,NUC
97340,63899,NSUN3,106338.0,NOP2/Sun RNA methyltransferase 3,Q9H649,Mitochondrial central dogma > mtRNA metabolism > mt-tRNA modifications,-6.2297,,chr3,True,Mitochondrion matrix,NUC
97341,140886,PABPC5,93728.0,poly(A) binding protein cytoplasmic 5,Q96DU9,0,-6.2297,,chrX,True,Cytoplasm,NUC
97342,167681,PRSS35,244954.0,serine protease 35,Q8N3Z0,"Protein import, sorting and homeostasis > Protein homeostasis",-6.2297,,chr6,True,Secreted,NUC
97343,201973,PRIMPOL,408022.0,primase and DNA directed polymerase,Q96LW4,Mitochondrial central dogma > mtDNA maintenance > mtDNA repair,-6.2297,,chr4,True,Nucleus,NUC
97344,84947,SERAC1,321007.0,serine active site containing 1,Q96JX3,Metabolism > Lipid metabolism > Phospholipid metabolism,-6.2522,5.0,chr6,True,Mitochondrion membrane,NUC
97345,55014,STX17,67727.0,syntaxin 17,P56962,Mitochondrial dynamics and surveillance > Fission | Mitochondrial dynamics and surveillance > Organelle contact sites | Mitochondrial dynamics and surveillance > Autophagy,-6.3219,,chr9,True,Endoplasmic reticulum membrane,NUC
97346,55006,TRMT61B,,tRNA methyltransferase 61B,Q9BVS5,Mitochondrial central dogma > mtRNA metabolism > mt-tRNA modifications | Mitochondrial central dogma > mtRNA metabolism > mt-rRNA modifications | Mitochondrial central dogma > Translation > Mitochondrial ribosome assembly,-6.9601,5.0,chr2,True,Mitochondrion matrix,NUC
97347,5138,PDE2A,207728.0,phosphodiesterase 2A,O00408,Signaling > cAMP-PKA signaling,-7.1786,5.0,chr11,True,Cell membrane,NUC
97348,55848,PLGRKT,67759.0,plasminogen receptor with a C-terminal lysine,Q9HBL7,0,-7.3086,,chr9,True,Cell membrane,NUC
97349,254013,ETFBKMT,320204.0,electron transfer flavoprotein subunit beta lysine methyltransferase,Q8IXQ9,"Metabolism > Electron carriers > Q-linked reactions, other",-7.3264,3.0,chr12,True,Cytoplasm,NUC
97350,79680,RTL10,,retrotransposon Gag like 10,Q7L3V2,Mitochondrial dynamics and surveillance > Apoptosis,-7.46,3.0,chr22,True,Mitochondrion,NUC
97351,10018,BCL2L11,12125.0,BCL2 like 11,O43521,Mitochondrial dynamics and surveillance > Apoptosis,-8.0704,,chr2,True,Endomembrane system,NUC
97352,56907,SPIRE1,68166.0,spire type actin nucleation factor 1,Q08AE8,Mitochondrial dynamics and surveillance > Fission | Mitochondrial dynamics and surveillance > Organelle contact sites,-8.0704,,chr18,True,"Cytoplasm, cytoskeleton",NUC
97353,205327,C2orf69,73467.0,chromosome 2 open reading frame 69,Q8N8R5,0,-8.0704,,chr2,True,Mitochondrion matrix,NUC
97354,9823,ARMCX2,67416.0,armadillo repeat containing X-linked 2,Q7L311,0,-10.0112,,chrX,True,Mitochondrion,NUC
97355,51309,ARMCX1,78248.0,armadillo repeat containing X-linked 1,Q9P291,Mitochondrial dynamics and surveillance > Trafficking,-10.0112,,chrX,True,Mitochondrion,NUC
97356,5423,POLB,18970.0,DNA polymerase beta,P06746,Mitochondrial central dogma > mtDNA maintenance > mtDNA repair,-10.6961,,chr8,True,Nucleus,NUC
97357,9342,SNAP29,67474.0,synaptosome associated protein 29,O95721,Mitochondrial dynamics and surveillance > Autophagy,-10.6961,,chr22,True,Cytoplasm,NUC
97358,51566,ARMCX3,71703.0,armadillo repeat containing X-linked 3,Q9UH62,Mitochondrial dynamics and surveillance > Trafficking,-10.6961,,chrX,True,Mitochondrion outer membrane,NUC
97359,54470,ARMCX6,278097.0,armadillo repeat containing X-linked 6,Q7L4S7,0,-10.6961,,chrX,True,Mitochondrion,NUC
97360,64863,METTL4,76781.0,methyltransferase like 4,Q8N3J2,Mitochondrial central dogma > mtDNA maintenance > mtDNA modifications,-10.6961,,chr18,True,Nucleus,NUC
97361,80309,SPHKAP,77629.0,"SPHK1 interactor, AKAP domain containing",Q2M3C7,Signaling > cAMP-PKA signaling,-10.6961,,chr2,True,Cytoplasm,NUC
97362,339983,NAT8L,269642.0,N-acetyltransferase 8 like,Q8N9F0,Metabolism > Amino acid metabolism > Glutamate metabolism,-10.6961,,chr4,True,Cytoplasm,NUC
97363,401250,MCCD1,,mitochondrial coiled-coil domain 1,P59942,0,-10.8297,,chr6,True,Mitochondrion,NUC
97364,101928527,PIGBOS1,66364.0,PIGB opposite strand 1,A0A0B4J2F0,Mitochondrial dynamics and surveillance > Organelle contact sites,,,,True,Mitochondrion outer membrane,NUC
97365,109703458,HTD2,109729085.0,hydroxyacyl-thioester dehydratase type 2,P86397,Metabolism > Lipid metabolism > Type II fatty acid synthesis,,,,True,Mitochondrion,NUC
